samples,p__Actinobacteria,p__Bacteroidetes,p__Cyanobacteria,p__Firmicutes,p__Fusobacteria,p__Proteobacteria,p__Tenericutes,p__Verrucomicrobia
G35348,0.00687,0.107996,,0.002364,,0.014488,,0.000025
G35349,0.030363,0.019813,,0.016074,,0.04063,,
G35350,0.004831,0.036134,,0.014829,,0.019578,,0.000016
G35351,0.010318,0.020667,,0.009971,0.000008,0.000911,,0.002927
G35352,0.026884,0.020221,,0.01954,,0.017337,,0.000021
G35354,0.021312,0.012305,,0.009929,,0.043012,,0.000027
G35355,0.017028,0.04254,0.00002,0.00906,,0.008388,,
G35356,0.060658,0.00443,,0.002804,,0.010025,,0.000017
G35359,0.016956,0.006279,,0.013063,0.000007,0.00064,,0.000143
G35361,0.003648,0.022978,0.000185,0.01014,0.000042,0.003857,,0.000161
G35364,0.003846,0.011168,0.000094,0.01622,0.001711,0.001313,,0.003046
G35365,0.011036,0.03474,,0.008073,,0.0028,,0.00013
G35366,0.012111,0.041972,0.000014,0.009351,0.000128,0.002128,,0.005394
G35368,0.016927,0.017506,0.000551,0.013062,0.000276,0.004561,,0.144826
G35370,0.016461,0.001084,,0.012869,0.007716,0.047663,,0.090687
G35372,0.043983,0.000623,0.000028,0.015598,0.000113,0.009688,,
G35373,0.048458,0.000141,,0.017721,,0.004589,,0.000044
G35374,0.066526,0.000314,,0.007666,,0.02129,,0.000042
G35381,0.001257,0.032639,0.000024,0.010602,0.000012,0.001898,,0.060891
G35386,0.009783,0.021558,0.001738,0.011104,0.000011,0.005803,,0.011241
G35387,0.005368,0.019721,0.00119,0.011893,,0.002808,,0.06559
G35388,0.071499,0.003706,0.000057,0.02246,0.000143,0.00229,,
G35390,0.032258,0.001826,,0.007475,0.003445,0.018003,,0.000021
G35391,0.012335,0.012457,0.000138,0.010346,0.000086,0.000732,,0.000026
G35392,0.000841,0.030427,0.000082,0.016047,0.000055,0.005709,,
G35394,0.00079,0.018371,,0.016387,,0.002606,,0.000017
G35395,0.002365,0.022512,0.000034,0.014278,0.000011,0.003002,,0.000034
G35397,0.001437,0.004881,0.000169,0.028558,,0.000685,,
G35398,0.001283,0.012565,0.000217,0.015891,0.000244,0.005882,,
G35403,0.004161,0.009382,0.00002,0.015084,,0.007958,,0.050978
G35404,0.043476,0.037163,,0.004731,,0.01412,,
G35406,0.000738,0.012695,0.000011,0.016368,,0.001431,,0.056341
G35407,0.000139,0.028155,,0.009226,,0.001344,,0.034065
G35409,0.000707,0.002415,,0.021537,,0.001012,,0.000018
G35412,0.015244,0.010438,0.000052,0.010207,,0.003164,,
G35414,0.035941,0.056221,,0.011702,,0.085686,,0.000027
G35416,0.031067,0.02935,,0.010733,,0.020412,,0.000086
G35417,0.031084,0.026139,,0.008821,,0.026478,,0.000027
G35418,0.014639,0.006299,0.000046,0.012158,,0.001572,,0.000115
G35419,0.004208,0.010917,0.006817,0.019182,,0.008132,,0.000102
G35421,0.014801,0.012664,,0.013161,,0.001509,,0.03129
G35422,0.013533,0.013344,0.000387,0.012664,,0.002621,,0.00001
G35423,0.002794,0.025681,,0.012665,0.00002,0.02981,,0.000039
G35424,0.003154,0.026963,,0.015534,,0.014685,,0.000029
G35433,0.018735,0.053118,,0.012705,,0.033615,,
G35437,0.025157,0.016663,,0.016232,,0.00296,,
G35441,0.007831,0.000056,,0.0196,0.000167,0.012751,,
G35442,0.003473,0.021286,,0.007589,,0.007316,,0.153005
G35443,0.001709,0.039547,0.000073,0.012138,0.000024,0.010862,,
G35444,0.029889,0.025192,0.001413,0.008479,,0.015104,,0.000035
G35445,0.012039,0.011599,0.002632,0.033148,,0.017153,,
G35447,0.02456,0.03684,0.000197,0.020405,0.00197,0.004203,,
G35448,0.013644,0.016111,0.001421,0.023136,,0.012572,,
G35449,0.006569,0.053982,0.0002,0.005306,0.000273,0.009347,,
G35453,0.001256,0.020154,0.000628,0.01258,,0.00077,,0.000283
G35455,0.001387,0.021208,0.00013,0.009443,,0.000504,,0.009713
G35458,0.003312,0.020632,0.003123,0.010897,0.000029,0.001545,,0.020558
G35462,0.002067,0.005698,0.000296,0.014767,0.000093,0.001355,,0.003091
G35463,0.014234,0.009059,0.000082,0.015362,,0.00098,,
G35464,0.023052,0.037743,,0.00706,,0.009286,,0.000011
G35465,0.005768,0.023536,0.000022,0.008849,,0.000719,,0.000186
G35467,0.000609,0.044759,0.000041,0.007862,,0.000534,,0.000027
G35469,0.005459,0.020267,0.000006,0.010459,0.000075,0.000817,,0.048957
G35470,0.008824,0.025911,,0.010662,,0.000411,,0.06019
G35473,0.001908,0.022838,0.001292,0.007963,,0.000272,,0.108532
G35475,0.007867,0.002272,0.000395,0.016377,0.000044,0.00133,,0.000292
G35476,0.006767,0.037337,0.002169,0.010254,0.000049,0.007453,,0.000674
G35477,0.004552,0.019543,0.000073,0.010143,0.00051,0.004916,,0.000024
G35480,0.038085,0.029728,,0.011095,,0.010272,,
G35481,0.078854,0.004535,,0.012665,,0.031638,,0.000049
G35484,0.000688,0.027864,0.001036,0.006645,,0.001552,,0.018212
G35486,0.025889,0.022762,0.000082,0.0127,,0.002035,,0.000016
G35487,0.010179,0.008998,0.000014,0.015944,0.000014,0.003811,,0.000084
G35490,0.017855,0.0121,0.001008,0.014323,0.000129,0.005355,,
G35495,0.042204,0.035122,,0.005887,,0.021365,,
G35497,0.036072,0.050582,,0.001972,,0.047002,,0.000023
G35498,0.015312,0.061903,,0.00092,,0.025094,,
G35504,0.001759,0.059508,0.000313,0.009162,0.000051,0.004323,,0.050464
G35505,0.00502,0.044647,,0.008288,,0.010109,,0.044176
G35510,0.002635,0.283617,,0.001397,,0.018032,,
G35511,0.023226,0.170541,,0.015915,,0.00512,,
G35512,0.000709,0.024555,0.000176,0.013149,,0.001728,,0.002566
G35513,0.004089,0.033902,0.000574,0.016061,,0.0008,,0.008854
G35514,0.002254,0.018219,0.000703,0.017133,0.000747,0.00683,,0.000308
G35515,0.00592,0.139856,,0.008336,,0.005141,,
G35516,0.012214,0.07119,,0.00179,,0.031442,,
G35517,0.005757,0.029832,0.000016,0.007986,0.000016,0.009623,,0.000591
G35518,0.008013,0.023557,0.0027,0.007324,0.000042,0.007272,,0.073141
G35519,0.008925,0.027291,0.00003,0.008653,,0.011931,,0.00002
G35520,0.009339,0.0409,0.000502,0.010806,,0.014827,,0.00069
G35521,0.006461,0.083791,,0.008315,,0.023796,,
G35522,0.003834,0.042544,,0.015838,,0.057246,,
G35523,0.009045,0.071689,,0.002339,,0.017399,,0.000026
G35524,0.008998,0.057737,,0.012484,,0.048074,,
G35525,0.053402,0.013467,,0.001539,,0.061684,,
G35526,0.07611,0.000284,0.000775,0.002452,,0.022525,,
G35527,0.053205,0.007609,,0.003472,,0.013031,,
G35528,0.006586,0.043428,0.000385,0.009393,0.000048,0.005085,,0.000016
G35529,0.0109,0.07859,,0.012594,0.000092,0.007571,,
G35530,0.007322,0.039287,,0.010162,0.000094,0.010098,,
G35531,0.009038,0.052478,,0.014357,0.000201,0.038361,,
G35532,0.005079,0.022709,,0.008026,0.000012,0.012543,,0.000037
G35533,0.004456,0.054585,,0.011646,,0.027117,,
G35534,0.011131,0.030186,0.000044,0.010619,0.000011,0.010687,,0.000011
G35535,0.003741,0.033197,,0.015177,,0.007487,,0.004157
G35536,0.00859,0.02453,0.001003,0.015715,0.000067,0.002809,,0.013844
G35537,0.003194,0.024858,0.000059,0.012086,,0.004135,,0.007472
G35867,0.002118,0.037286,0.000009,0.006715,0.000051,0.010559,,
G35868,0.039744,0.082363,,0.003498,0.000475,0.021954,,
G35869,0.061847,0.000449,0.000384,0.015388,0.000256,0.019133,,
G35874,0.146924,0.000442,,0.005035,0.000354,0.002263,,0.000177
G35876,0.012936,0.020431,,0.01462,0.000642,0.006959,,
G35878,0.001592,0.025727,,0.016453,0.000207,0.009846,,
G35881,0.002718,0.039177,0.000019,0.009014,,0.014689,,
G35891,0.00646,0.057623,,0.005992,,0.007846,,
G35892,0.002172,0.025975,0.000495,0.009506,,0.003537,,0.002255
G35894,0.000203,0.00226,0.000045,0.016085,0.000402,0.010966,,0.000067
G35898,0.01154,0.026304,,0.009967,,0.001154,,0.000026
G35900,0.000367,0.029116,0.024468,0.009366,0.000033,0.001167,,0.003657
G35901,0.042918,0.030439,,0.008132,0.000081,0.00556,,
G35902,0.078159,0.019134,,0.011556,,0.013524,,
G35906,0.001637,0.036171,,0.009471,0.000036,0.004488,,0.014027
G35908,0.005406,0.008094,0.00005,0.01332,,0.002956,,0.014077
G35915,0.004298,0.026315,,0.013584,0.000012,0.001569,,0.000059
G35923,0.019068,0.037403,,0.008994,0.000049,0.002043,,
G35924,0.037833,0.025891,0.000114,0.017666,0.003593,0.005955,,
G35925,0.00936,0.022704,0.000203,0.011261,0.000026,0.001128,,
G35926,0.005352,0.026565,0.002122,0.009683,0.000021,0.001834,,
G35928,0.004145,0.048973,,0.002824,0.000035,0.025137,,0.000012
G35932,0.019887,0.007119,0.001771,0.011874,0.000021,0.001817,,0.020018
G35933,0.013615,0.015571,0.000025,0.009801,0.00003,0.00121,,0.021263
G35934,0.019645,0.015349,0.000053,0.011088,,0.000685,,0.00478
G35936,0.013436,0.021546,0.000174,0.011948,,0.001305,,0.007195
G35937,0.009414,0.082358,,0.005321,0.000051,0.015645,,
G35938,0.000747,0.006922,0.004831,0.014988,0.028589,0.007079,,0.000463
G35939,0.00854,0.029856,0.001817,0.008461,0.000018,0.000605,,0.000018
G35940,0.00679,0.017842,0.00048,0.01014,,0.003833,,0.022341
G35941,0.005483,0.041366,0.000472,0.010756,,0.001713,,0.000367
G35942,0.015953,0.010818,0.001531,0.012884,0.000014,0.000495,,0.011044
G35944,0.011059,0.018843,0.000635,0.013255,0.00001,0.002629,,0.015272
G35945,0.006079,0.009642,0.001475,0.012929,0.000019,0.000401,,0.024955
G35946,0.016351,0.032221,0.000435,0.010423,,0.002002,,0.00571
G35947,0.013617,0.044297,0.001481,0.010089,0.000028,0.002307,,
G35948,0.007952,0.025287,0.000403,0.012707,,0.001203,,0.001527
G35950,0.020481,0.029998,,0.008703,,0.010528,,0.000024
G35951,0.000049,0.031018,0.000022,0.017226,,0.001862,,
G35952,0.000514,0.042922,0.000072,0.014007,,0.001065,,0.000024
G35953,0.000239,0.042483,,0.013986,,0.005929,,
G35954,0.00064,0.039538,0.000026,0.012018,,0.00181,,
G35955,0.000325,0.018865,,0.011486,,0.001311,,0.000037
G35956,0.033259,0.053236,,0.000994,,0.01365,,
G35957,0.018803,0.055881,,0.000508,,0.071918,,
G35958,0.017224,0.062655,,0.001182,,0.027152,,
G35959,0.03469,0.034723,,0.010501,,0.009181,,
G35960,0.007747,0.057071,0.000053,0.018044,,0.011156,,
G35961,0.003409,0.063498,0.000249,0.014167,0.000311,0.001457,,0.098867
G35962,0.004729,0.044309,0.000291,0.017394,0.000053,0.001054,,0.020201
G35963,0.007915,0.042223,0.000047,0.015499,0.00007,0.00235,,
G35965,0.001731,0.060186,0.000137,0.021659,,0.002125,,
G35966,0.004454,0.043105,0.018083,0.014885,0.000023,0.006703,,0.023848
G35967,0.004398,0.032381,0.000404,0.011872,,0.003317,,0.059064
G35969,0.056629,0.018697,,0.002989,,0.026241,,0.000031
G35970,0.023472,0.024616,,0.010085,,0.041997,,
G35971,0.000169,0.061611,,0.024074,,0.098164,,
G35972,0.014989,0.062497,0.00024,0.010166,,0.009398,,
G35973,0.011267,0.036547,0.00002,0.005224,0.000111,0.005559,,0.000061
G35974,0.000581,0.035189,,0.007481,,0.009997,0.000521,0.001041
G35975,0.000147,0.077367,,0.01323,,0.012313,,
G35976,0.006862,0.019085,0.001158,0.016893,0.000162,0.001162,,
G35977,0.015852,0.01791,0.000033,0.02029,0.000456,0.000456,,
G35978,0.009949,0.00317,,0.014751,0.000043,0.017111,,0.000064
G35979,0.010472,0.004069,0.000333,0.017305,0.000083,0.012117,,
G35980,0.004792,0.010751,,0.019959,0.000044,0.006986,,
G35981,0.013511,0.014653,0.000011,0.01332,0.000043,0.002536,,
G35982,0.015468,0.022902,0.000037,0.014134,0.000037,0.010509,,
G35983,0.007167,0.024862,0.000669,0.013284,0.000038,0.011216,,
G35984,0.004757,0.010605,,0.01279,0.000044,0.001276,,0.001224
G35985,0.0177,0.036525,,0.016901,,0.017779,,
G35986,0.03645,0.022154,,0.003092,,0.022508,,
G35987,0.013252,0.023299,,0.01404,,0.021697,,
G35988,0.027523,0.007762,,0.008206,,0.029475,,
G35989,0.023079,0.069341,0.000055,0.018999,,0.01326,,
G35990,0.015632,0.019263,0.00029,0.017603,0.001327,0.02137,,
G35991,0.022887,0.007143,0.000068,0.014016,,0.015067,,
G35992,0.01683,0.033622,0.000029,0.014215,0.000087,0.00443,,
G35993,0.012272,0.020686,0.000031,0.010778,,0.01211,,
G35994,0.014149,0.018638,0.000467,0.02108,,0.012375,,
G35995,0.021452,0.054595,,0.014694,,0.032712,,0.000037
G35996,0.004645,0.013375,0.000366,0.017749,0.000137,0.002502,,
G35997,0.002883,0.024947,0.00085,0.015329,0.000333,0.000491,,0.000296
G35998,0.009534,0.011024,0.000748,0.016328,0.000499,0.001008,,0.036611
G35999,0.000072,0.02062,,0.020902,,0.004949,,
G36000,0.00294,0.021589,,0.012287,0.000312,0.001288,,0.03501
G36001,0.004462,0.021813,0.000152,0.012562,,0.010051,,0.000243
G36002,0.001973,0.062242,0.000815,0.006724,,0.01055,,0.000362
G36003,0.004771,0.025932,0.000194,0.013639,,0.002689,,0.004919
G36004,0.015863,0.039585,,0.008948,,0.000771,,
G36005,0.005845,0.039464,0.00001,0.006192,0.000051,0.008898,,0.00001
G36006,0.019897,0.067651,,0.004735,,0.003776,,
G36007,0.019371,0.058066,,0.007359,0.000161,0.015367,,
G36008,0.007301,0.022841,,0.014074,,0.002335,,
G36010,0.007471,0.013472,,0.016404,,0.005162,,
G36011,0.005087,0.025241,0.000029,0.010432,0.000071,0.001717,,0.000353
G36012,0.004464,0.025003,,0.010151,0.000053,0.003003,,
G36013,0.006072,0.02547,0.00046,0.013657,,0.004037,,
G36015,0.006047,0.02333,,0.009313,,0.003307,,0.000016
G36016,0.018611,0.014628,,0.013551,0.000118,0.00323,,0.00002
G36017,0.010014,0.024387,,0.00971,,0.004117,,0.03088
G36018,0.006808,0.020712,0.001556,0.009565,,0.002641,,0.004471
G36019,0.009141,0.010718,0.000012,0.008569,0.000006,0.001901,,0.008282
G36020,0.028742,0.046243,,0.003675,,0.001517,,0.00005
G36021,0.020832,0.112498,,0.004851,,0.004463,,
G36022,0.006063,0.015349,,0.010319,,0.003938,,0.005745
G36023,0.004146,0.010758,,0.012843,0.000009,0.001096,,0.000009
G36024,0.010023,0.013306,0.002971,0.013111,,0.002763,0.000028,0.000028
G36025,0.004438,0.067073,0.000062,0.003268,,0.032354,,0.000062
G36026,0.001873,0.030116,0.000026,0.011327,,0.017099,,0.000078
G36028,0.007784,0.023151,,0.020438,,0.018601,,
G36029,0.004992,0.027648,0.000098,0.007031,0.000471,0.028337,,0.000079
G36030,0.002216,0.0278,0.000057,0.013518,0.000069,0.007225,,
G36031,0.022207,0.002748,0.00043,0.016762,,0.012967,,0.000078
G36032,0.019556,0.011979,0.000091,0.013949,0.00003,0.001145,,0.049883
G36033,0.017136,0.010197,0.017465,0.013195,,0.003034,,
G36034,0.0127,0.044467,,0.009308,,0.123219,,
G36035,0.028053,0.020673,,0.006351,,0.005623,,0.000044
G36036,0.016243,0.021802,0.000024,0.014385,0.000121,0.008191,,
G36037,0.008368,0.021377,,0.010849,0.000079,0.014316,,
G36038,0.023706,0.047046,,0.016999,0.000024,0.006131,,0.000024
G36039,0.000028,0.051552,,0.011931,,0.043598,,
G36040,0.000042,0.053893,,0.006791,0.000503,0.021426,,
G36041,0.000049,0.036508,,0.024437,0.001529,0.032291,,
G36042,0.016761,0.019423,0.000014,0.011463,0.000586,0.018954,,0.000014
G36043,0.001201,0.022959,0.000095,0.00927,,0.005253,0.003877,0.015042
G36044,0.002619,0.026055,,0.006906,0.000006,0.000955,0.000203,0.048123
G36045,0.002102,0.016407,,0.011156,0.000102,0.000479,0.002786,0.004116
G36046,0.011021,0.010528,,0.010868,0.000041,0.000397,,0.00002
G36047,0.005702,0.015454,0.000157,0.011064,,0.021748,,0.088054
G36048,0.007232,0.002231,0.004487,0.021037,,0.000135,,0.000224
G36049,0.000566,0.003652,0.000224,0.010721,,0.002455,,0.562738
G36050,0.005211,0.004143,0.017401,0.025824,,0.001692,,0.007975
G36051,0.008341,0.004944,0.000035,0.015937,,0.015839,,0.001487
G36052,0.004645,0.004289,0.000147,0.020552,,0.002277,,
G36053,0.043775,0.001584,,0.006795,,0.002178,,
G36054,0.020028,0.001126,,0.012991,,0.000688,,0.000028
G36133,0.030836,0.000861,,0.009127,,0.001507,,0.000018
G36134,0.025484,0.008955,,0.010719,,0.002865,,
G36135,0.05795,0.001271,,0.00533,0.000065,0.003562,,
G36136,0.036675,0.007036,,0.010675,,0.002706,,0.000025
G36137,0.048205,0.004645,,0.007928,,0.008192,,0.00166
G36138,0.001708,0.025038,0.000246,0.014909,0.000019,0.001985,,0.001569
G36139,0.002203,0.051674,,0.014967,,0.011548,,0.000054
G36140,0.006001,0.045795,,0.01583,,0.012085,,0.000691
G36141,0.003042,0.0155,0.000029,0.015417,,0.002195,,0.000143
G36142,0.004904,0.015385,,0.013832,0.002182,0.003881,,
G36143,0.001547,0.001096,,0.021464,0.001483,0.014903,,
G36144,0.015627,0.033078,,0.010318,,0.004364,,0.003429
G36145,0.023595,0.057264,,0.01117,0.000257,0.014996,,0.017238
G36146,0.025834,0.048678,0.000037,0.008374,0.000111,0.00934,,0.006968
G36147,0.073606,0.000043,,0.003697,,0.058028,,
G36148,0.068506,0.000928,,0.011608,,0.029682,,
G36149,0.001428,0.027994,0.000334,0.00906,0.000009,0.000993,,0.036197
G36150,0.009847,0.028204,0.000237,0.009397,,0.001615,,0.051418
G36151,0.004478,0.034268,0.000069,0.012348,,0.002213,,0.000137
G36152,0.007021,0.034956,0.000072,0.009493,,0.007421,,
G36153,0.002239,0.018922,0.000038,0.014614,,0.00126,,0.004699
G36154,0.001875,0.032555,0.022343,0.007267,0.00006,0.000718,,0.016963
G36155,0.002758,0.026852,0.004169,0.007655,,0.001094,,0.06176
G36156,0.003844,0.052832,0.000731,0.008828,,0.001253,,0.004383
G36157,0.001672,0.022848,0.004645,0.008272,,0.00371,,0.015858
G36158,0.008024,0.043051,0.000009,0.005846,,0.033373,,0.000083
G36159,0.000138,0.078416,,0.008745,0.000345,0.014753,,
G36160,0.000351,0.014397,0.03715,0.024819,0.000114,0.005687,,
G36161,0.001755,0.117871,,0.001132,,0.006955,,
G36162,0.01962,0.014876,0.000067,0.015099,0.002291,0.003064,,
G36163,0.019807,0.025916,0.000017,0.009355,0.002675,0.009449,,
G36164,0.030614,0.003512,,0.015058,0.000038,0.012561,,0.000019
G36165,0.010254,0.040032,0.000014,0.00978,0.000069,0.00926,,
G36166,0.001261,0.03175,,0.009617,0.015267,0.008774,,
G36167,0.003771,0.04465,0.000016,0.010121,0.005425,0.017373,,
G36168,0.001298,0.041906,,0.012043,0.000609,0.029588,,
G36169,0.004181,0.031011,0.000057,0.012156,0.000472,0.007382,,0.000057
G36170,0.004474,0.034473,,0.009185,0.032624,0.015041,,0.000016
G36171,0.005804,0.067645,0.00015,0.009332,0.015145,0.006078,,
G36172,0.04216,0.013729,0.000012,0.008427,,0.005355,,
G36173,0.017408,0.078746,,0.005292,,0.007956,,0.000031
G36174,0.000391,0.042859,0.023513,0.005806,0.00001,0.006618,,0.005605
G36175,0.001602,0.029204,0.001295,0.010558,,0.005748,,0.00692
G36176,0.000363,0.030142,0.001212,0.010002,,0.005111,,0.005334
G36177,0.008126,0.025163,0.000054,0.012096,,0.004785,,0.013393
G36179,0.00017,0.055907,,0.010545,0.000051,0.017057,,0.000077
G36180,0.011945,0.068305,0.000032,0.008354,,0.029872,,
G36181,0.000261,0.025569,0.02492,0.009855,,0.00611,,0.0041
G36182,0.001303,0.050704,0.000313,0.006745,,0.002273,,0.000834
G36183,0.000367,0.026205,0.034123,0.009575,0.000011,0.007933,,0.002126
G36184,0.000584,0.037895,0.005506,0.007862,,0.007036,,0.021971
G36185,0.017672,0.035535,,0.006068,0.000027,0.022301,,
G36186,0.017992,0.063489,,0.010098,,0.016079,,0.00002
G36187,0.020753,0.041943,,0.005625,,0.009862,,
G36188,0.007847,0.033601,0.000019,0.010186,0.000019,0.002394,,
G36189,0.020265,0.043974,0.00001,0.007831,,0.005455,,0.00001
G36190,0.014659,0.032172,,0.008939,,0.01073,,
G36191,0.013119,0.050431,0.000055,0.007422,,0.004708,,
G36192,0.011716,0.048866,,0.010343,0.000017,0.002497,,
G36193,0.014469,0.036524,0.000014,0.012622,,0.001513,,0.000014
G36194,0.017895,0.049789,,0.01459,,0.000807,,0.001325
G36195,0.013901,0.033129,,0.014769,0.000055,0.000416,,0.000082
G36196,0.011656,0.016148,,0.011145,,0.001761,,0.038321
G36197,0.012766,0.031869,,0.016475,0.000515,0.013698,,0.001781
G36198,0.023329,0.000427,,0.011054,0.00008,0.04722,,0.00004
G36199,0.002781,0.016925,0.003608,0.013316,,0.003468,,0.022837
G36200,0.006689,0.018579,0.000026,0.011462,,0.001435,,0.025353
G36201,0.000855,0.042678,,0.011119,0.000077,0.002445,,0.011552
G36202,0.001296,0.061204,,0.008846,0.000071,0.003983,,0.000053
G36203,0.006097,0.025427,,0.010338,,0.003567,,0.000203
G36204,0.003276,0.02284,,0.016668,0.000068,0.003964,,0.013186
G36205,0.00193,0.041206,,0.010236,0.00064,0.008528,,0.00022
G36206,0.003395,0.060132,0.000056,0.014668,,0.001378,,
G36207,0.008629,0.016086,,0.010867,,0.003309,,0.000112
G36208,0.00373,0.06696,,0.007881,,0.00286,,0.000701
G36209,0.017177,0.013649,,0.020499,0.000319,0.005353,,0.000029
G36210,0.024225,0.024214,,0.014148,,0.01148,,
G36211,0.007104,0.049942,0.000018,0.008172,0.000181,0.006151,,0.000344
G36212,0.00787,0.028205,,0.015652,0.000908,0.030738,,
G36213,0.000252,0.041373,0.000033,0.022052,0.000066,0.037314,,
G36214,0.011121,0.041835,,0.009802,0.003905,0.010119,,
G36215,0.000093,0.063996,,0.01535,,0.03236,,
G36216,0.004688,0.029463,,0.015714,0.00339,0.003889,,
G36217,0.001733,0.084937,,0.013192,0.000058,0.012925,,0.000321
G36219,0.005417,0.051971,0.000029,0.00262,,0.017411,,0.000014
G36220,0.003298,0.032836,,0.014769,0.012709,0.006617,,0.000103
G36221,0.004484,0.009721,,0.025741,0.00008,0.000983,,
G36222,0.010746,0.027199,,0.01299,,0.003956,,0.000015
G36223,0.014884,0.015415,,0.014115,0.000078,0.00282,,0.001168
G36224,0.002479,0.031219,,0.013418,,0.001954,,0.000056
G36225,0.001101,0.030125,0.000023,0.013196,0.000057,0.00578,,0.00991
G36226,0.014762,0.079592,,0.009696,,0.019036,,
G36227,0.006581,0.071945,,0.003139,,0.008762,,0.000145
G36228,0.009433,0.064493,,0.001765,0.000705,0.058071,,
G36229,0.017669,0.161082,,0.00202,0.000101,0.020067,,
G36230,0.02327,0.048268,,0.007139,,0.009287,,
G36231,0.013017,0.08326,,0.007433,,0.003438,,
G36232,0.022477,0.017809,,0.008408,,0.003229,,0.007041
G36233,0.002355,0.028217,0.002746,0.00928,,0.001418,,0.017591
G36234,0.002445,0.018778,0.000081,0.010599,,0.001725,,0.007413
G36235,0.004655,0.021521,0.000009,0.008464,,0.000619,,0.023969
G36236,0.00779,0.021713,0.000152,0.020899,,0.002868,,
G36237,0.006458,0.042692,,0.003388,,0.106329,,
G36238,0.033413,0.014932,,0.007163,0.000069,0.050266,,
G36239,0.001307,0.081058,,0.007819,0.000114,0.005949,,0.003581
G36240,0.003254,0.030388,,0.013057,,0.004633,,0.000496
G36241,0.00205,0.021464,,0.01103,0.000252,0.00338,,
G36242,0.001515,0.025273,0.000511,0.011288,,0.001221,,0.000483
G36243,0.002392,0.020408,0.000322,0.009643,,0.000521,,0.016968
G36244,0.003429,0.019857,0.000185,0.009187,0.00001,0.000777,,0.030862
G36245,0.000493,0.018028,0.000016,0.015342,0.000033,0.017581,,0.000131
G36246,0.012154,0.021665,,0.012517,0.000319,0.016101,,
G36247,0.018871,0.027161,0.000018,0.010743,,0.020175,,0.005404
G36248,0.007601,0.034861,,0.011133,0.000083,0.006487,,
G36249,0.008103,0.033629,0.000018,0.012367,,0.002897,,0.006634
G36250,0.002637,0.020697,,0.016931,,0.015644,,0.000853
G36251,0.004776,0.026826,0.000176,0.010631,,0.002463,,0.112923
G36252,0.00831,0.018727,,0.014291,,0.008649,,0.001688
G36253,0.006483,0.014608,0.000195,0.013663,0.000039,0.014866,,
G36254,0.007493,0.007046,,0.020187,0.000036,0.002826,,0.000071
G36255,0.010488,0.020914,,0.010346,0.000058,0.005348,,0.000708
G36256,0.001299,0.03146,,0.015506,0.000028,0.020616,,
G36257,0.000913,0.030412,,0.010741,0.000083,0.001229,,0.101989
G36258,0.002601,0.044858,0.000104,0.019347,,0.001218,,
G36259,0.016109,0.017096,,0.019156,,0.013602,,
G36260,0.012321,0.031879,,0.009756,,0.040547,,0.000026
G36261,0.007261,0.020923,,0.016305,,0.00963,,0.000028
G36262,0.013986,0.010021,,0.020614,,0.01289,,
G36263,0.006107,0.017301,,0.014824,,0.001277,,0.119896
G36264,0.01626,0.031056,,0.013923,0.000037,0.002107,,0.008796
G36265,0.017322,0.016637,,0.015529,,0.004077,,0.000848
G36266,0.011316,0.00992,,0.014848,0.000032,0.000815,,0.001231
G36267,0.01914,0.017855,0.000014,0.01085,,0.000881,,0.020668
G36268,0.002076,0.043147,,0.015408,,0.010936,,0.000027
G36269,0.033403,0.093142,,0.008306,,0.134423,,
G36270,0.0033,0.028433,,0.015533,,0.004287,,0.002238
G36271,0.000667,0.034642,0.000283,0.009156,0.000031,0.002163,,0.004631
G36272,0.002172,0.015445,0.000577,0.011173,0.000015,0.00039,,0.044501
G36273,0.00185,0.018112,0.000247,0.01086,0.000008,0.001087,,0.01457
G36274,0.002512,0.03059,0.000676,0.010408,,0.002119,,0.003763
G36275,0.003497,0.027357,,0.011391,0.000214,0.002128,,0.000116
G36276,0.009528,0.027997,0.00008,0.013418,0.000161,0.001234,,0.000027
G36277,0.01076,0.050866,0.000025,0.008405,0.0001,0.007213,,0.000025
G36279,0.000297,0.049601,,0.015321,,0.000817,,0.004209
G36280,0.000176,0.025145,,0.012418,,0.000016,,0.00007
G36281,0.00965,0.021121,0.00054,0.010747,,0.006548,,0.020441
G36282,0.015158,0.019455,0.000177,0.016209,0.000059,0.001514,,0.009606
G36283,0.00726,0.000264,0.000991,0.030581,,0.007103,,0.001388
G36284,0.025682,0.08595,,0.003414,,0.045545,,
G36285,0.003644,0.035224,0.000094,0.012031,,0.004466,,
G36286,0.002986,0.031055,0.000355,0.008943,0.000044,0.00089,,0.015649
G36287,0.000775,0.03455,0.000208,0.009744,,0.000656,,0.060622
G36288,0.003098,0.019831,0.000044,0.011325,,0.00049,,0.006011
G36289,0.004157,0.015728,0.000261,0.01096,0.000015,0.00059,,0.079998
G36290,0.009308,0.015854,,0.014314,,0.001581,,0.000016
G36291,0.007606,0.021227,0.000331,0.014075,,0.000791,,
G36292,0.003487,0.017457,,0.02453,0.00033,0.007863,,
G36293,0.013874,0.043454,,0.010447,,0.004404,,
G36294,0.011488,0.04256,,0.009854,,0.018358,,
G36295,0.037912,0.045355,,0.008088,,0.057725,,
G36296,0.004741,0.038972,0.000292,0.012909,,0.00106,,0.046471
G36297,0.006641,0.020958,,0.014026,,0.000878,,0.146349
G36298,0.006855,0.017953,,0.020192,0.000227,0.00372,,0.026039
G36299,0.004439,0.033655,0.000035,0.011673,0.000264,0.002825,,0.000334
G36300,0.017001,0.016148,,0.015839,0.000186,0.000173,,0.035174
G36301,0.003727,0.03114,0.000133,0.022607,,0.001222,,0.000027
G36302,0.000091,0.047618,,0.034616,,0.024337,,
G36303,0.043668,0.101037,,0.011712,,0.036317,,
G36304,0.004271,0.036879,0.000167,0.009164,0.000011,0.001462,,
G36305,0.010973,0.039523,0.000608,0.012909,,0.01063,,
G36306,0.004423,0.063844,0.010339,0.011044,0.000013,0.010115,,
G36307,0.007622,0.026011,,0.016631,,0.04102,,0.074443
G36308,0.008234,0.028302,0.000036,0.012428,0.000036,0.00387,,0.078534
G36309,0.005604,0.036067,,0.009674,,0.00217,,0.138922
G36310,0.003162,0.037369,0.000135,0.013538,,0.004676,,0.012457
G36311,0.005964,0.029756,0.000081,0.01128,0.00002,0.00168,,0.069512
G36312,0.009276,0.026943,,0.015592,0.000388,0.001204,,0.048089
G36313,0.006105,0.021705,,0.020267,,0.00153,,
G36314,0.000973,0.007614,,0.02792,0.000105,0.012703,,
G36315,0.023129,0.063423,,0.021776,,0.005646,,
G36316,0.007712,0.022443,,0.014722,,0.001018,,
G36317,0.003195,0.025714,0.000017,0.009333,0.000017,0.007319,,0.002955
G36318,0.002904,0.014662,,0.037998,,0.000161,,0.000065
G36319,0.009662,0.051509,,0.017221,,0.019972,,
G36320,0.040119,0.05734,,0.005335,,0.075928,,
G36321,0.003774,0.022305,,0.010823,0.000033,0.00448,,0.172929
G36322,0.001262,0.026544,,0.016945,0.000034,0.015273,,0.00356
G36406,0.012278,0.130611,,0.00208,,0.038993,,
G36408,0.05317,0.000474,,0.012917,0.000122,0.022956,,0.00003
G36413,0.060963,0.004564,0.000437,0.005275,,0.053314,,0.000874
G36417,0.006547,0.037245,0.00002,0.01617,0.000832,0.005316,,
G36419,0.029148,0.056267,,0.011023,,0.084504,,
G36420,0.012883,0.068601,,0.003674,0.000667,0.029407,,0.000033
G36421,0.001871,0.000089,,0.031159,,0.004511,,0.000024
G36422,0.004497,0.07404,,0.003053,,0.06242,,
G36423,0.013012,0.000077,,0.027961,,0.060737,,
G36424,0.007649,0.056259,,0.001863,,0.052223,,
G36429,0.007786,0.038464,,0.01535,0.000025,0.007689,,
G36430,0.026229,0.029683,,0.019544,,0.010685,,
G36431,0.019714,0.038879,,0.011228,,0.014148,,
G36432,0.014504,0.05351,,0.012033,,0.01991,,
G36433,0.016757,0.065509,,0.012745,,0.013455,,
G36434,0.007026,0.052572,,0.007112,,0.013736,,
G36435,0.02419,0.07209,,0.005188,,0.013451,,
G36436,0.001677,0.027094,,0.018502,,0.001838,,0.000024
G36437,0.00133,0.036339,,0.014997,,0.000265,,0.004186
G36438,0.001567,0.018716,0.000309,0.01621,,0.001773,,0.000309
G36439,0.014402,0.048621,,0.015764,,0.050576,,
G36440,0.001692,0.031867,0.000039,0.012914,,0.000514,,0.028689
G36441,0.017106,0.025027,0.000458,0.013845,,0.015669,,
G36442,0.007234,0.031672,0.001261,0.013149,0.000019,0.004669,,0.005915
G36443,0.012219,0.017002,,0.020763,,0.006256,,
G36444,0.019036,0.039138,0.000082,0.012579,,0.010434,,
G36445,0.01013,0.029888,0.000567,0.013717,,0.002624,,0.004267
G36446,0.007605,0.044987,0.000251,0.013127,,0.001741,,0.000025
G36448,0.012438,0.02795,0.000512,0.010407,,0.001962,,0.040599
G36449,0.01277,0.077588,,0.005088,,0.118799,,
G36450,0.025588,0.047315,,0.009207,,0.103934,,
G36451,0.001932,0.05029,0.000019,0.017016,,0.01401,,
G36452,0.013751,0.042849,,0.00915,0.000024,0.021837,,
G36453,0.002332,0.057687,,0.013452,0.000077,0.016269,,
G36454,0.028894,0.053173,,0.009802,0.000149,0.014708,,
G36455,0.000291,0.035412,0.000015,0.014908,0.000015,0.002821,,0.127028
G36456,0.002193,0.039322,0.003288,0.012011,0.000021,0.008468,,0.003293
G36457,0.001304,0.035098,0.000579,0.013401,,0.003594,,
G36458,0.00366,0.062093,,0.013881,0.000032,0.00618,,0.000016
G36459,0.020714,0.11892,,0.006587,,0.002722,,
G36460,0.001417,0.031993,,0.018673,,0.002192,,0.000021
G36461,0.000962,0.034024,0.000066,0.015866,,0.005497,,0.11874
G36462,0.00288,0.027387,0.002726,0.015609,0.000029,0.005048,,0.009571
G36463,0.001863,0.033895,0.000018,0.014344,,0.00263,,
G36464,0.012394,0.04178,0.000024,0.016604,,0.002857,,
G36465,0.012681,0.055291,,0.011673,0.000043,0.015794,,
G36466,0.001306,0.033156,,0.020185,,0.006262,,
G36467,0.000223,0.046108,0.000045,0.013615,,0.003618,,
G36468,0.002353,0.03334,0.004563,0.014526,,0.006206,,0.012894
G36470,0.015369,0.050737,,0.014146,,0.005693,,
G36471,0.015127,0.069855,,0.007996,0.000023,0.011677,,
G36472,0.000908,0.051187,,0.012566,,0.001666,,0.000028
G36473,0.002187,0.043607,0.006866,0.01192,,0.006422,,
G36474,0.00321,0.024949,0.007917,0.011944,,0.003614,,0.033142
G36475,0.012551,0.046989,0.001358,0.011594,,0.018482,,
G36476,0.018831,0.039797,,0.010829,,0.005249,,
G36477,0.011357,0.017596,0.000035,0.014374,0.000173,0.007349,,0.076487
G36478,0.007278,0.009251,,0.017661,,0.00059,,0.005716
G36479,0.007217,0.002622,,0.022066,,0.000079,,
G36480,0.01196,0.022978,,0.013675,,0.00104,,0.037267
G36481,0.005827,0.009453,0.000277,0.022207,,0.085029,,
G36482,0.01603,0.036315,,0.011048,,0.000645,,
G36484,0.01226,0.00006,,0.02357,,0.005559,,
G36485,0.002031,0.000087,,0.03118,,0.007171,,
G36486,0.027484,0.000068,,0.019755,,0.013746,,
G36487,0.01459,0.000092,,0.022643,,0.043933,,
G36488,0.02947,0.00012,,0.021646,,0.030571,,0.000028
G36489,0.001717,0.046986,0.000016,0.014179,0.000049,0.001859,,0.023295
G36490,0.006847,0.000032,0.000047,0.020159,0.000331,0.008571,,
G36491,0.014208,0.000036,,0.021131,0.000284,0.01147,,
G36492,0.002503,0.00005,0.000085,0.023164,0.000142,0.002115,,
G36493,0.003149,0.000078,,0.024635,0.000139,0.001458,,
G36494,0.008241,0.000098,,0.024515,0.000244,0.01408,,
G36495,0.00938,0.000061,,0.019452,0.000154,0.006235,,0.000015
G36496,0.006986,0.000027,0.000225,0.022964,,0.003361,,
G36497,0.026939,0.000044,0.000177,0.017539,0.000029,0.00028,,
G36498,0.001473,0.020821,,0.016841,0.000106,0.000732,,0.003619
G36499,0.001389,0.037041,0.000248,0.013053,0.000447,0.003307,,0.009962
G36500,0.003694,0.068888,0.003723,0.014307,,0.002156,,0.021206
G36501,0.002089,0.036453,0.001305,0.01728,,0.000927,,0.074553
G36502,0.00237,0.032157,,0.01502,,0.007307,,0.003987
G36503,0.000606,0.027015,0.000106,0.019488,,0.004468,,
G36505,0.001643,0.022392,,0.017499,0.000137,0.003132,,0.000215
G36506,0.001324,0.026435,0.002322,0.014246,0.000084,0.000575,,0.008688
G36507,0.015442,0.053317,0.000038,0.0151,0.000189,0.006292,,0.000019
G36508,0.000085,0.10876,0.000134,0.018448,,0.007975,,
G36509,0.000037,0.091062,,0.007189,,0.016548,,
G36510,0.000034,0.096097,,0.025934,,0.012095,,
G36511,0.000042,0.097621,,0.016794,,0.009778,,
G36512,0.000045,0.074368,,0.012633,,0.050226,,
G36513,0.000045,0.050593,,0.011257,,0.060076,,
G36514,0.000031,0.106211,,0.012471,0.000023,0.048871,,
G36515,0.001536,0.003215,,0.021219,0.000509,0.001009,,0.000318
G36516,0.001141,0.040571,,0.014666,,0.002305,,
G36517,0.003948,0.095734,,0.017214,0.000179,0.00605,,
G36518,0.005588,0.029908,,0.011872,0.000055,0.004428,,0.000013
G36519,0.006367,0.277355,,0.006432,0.000145,0.010216,,
G36520,0.025752,0.101896,,0.012376,,0.027252,,
G36521,0.010731,0.077244,,0.014454,0.00025,0.032157,,
G36522,0.017943,0.071213,,0.004489,,0.012072,,
G36523,0.026962,0.063421,,0.000381,,0.01588,,0.000008
G36524,0.008742,0.010263,0.000993,0.01213,0.000003,0.000331,,0.074385
G36525,0.004806,0.017671,0.000074,0.013554,0.000082,0.004859,,0.009674
G36526,0.017758,0.010115,,0.013128,0.000132,0.003853,,0.000019
G36527,0.008993,0.027959,,0.014337,,0.008269,,0.000115
G36528,0.011716,0.007418,0.000005,0.01189,0.00011,0.00141,,0.002964
G36529,0.010538,0.014227,,0.013447,0.000092,0.003738,,0.011616
G36530,0.004426,0.044027,0.000015,0.009599,,0.002955,,0.00006
G36531,0.029148,0.050402,,0.006977,,0.014702,,
G36532,0.024106,0.024727,,0.00885,,0.004176,,0.044016
G36533,0.043666,0.00558,,0.010858,,0.0043,,0.111062
G36534,0.015135,0.018111,0.000021,0.011486,0.000021,0.007582,,
G36535,0.017875,0.015883,,0.015767,0.000019,0.001329,,
G36536,0.00959,0.011419,,0.01185,0.000056,0.003434,,0.00001
G36537,0.017649,0.014048,0.000144,0.013742,0.000087,0.002019,,0.005596
G36538,0.011698,0.012543,,0.018547,,0.002273,,
G36540,0.017917,0.011918,,0.019939,0.000062,0.003829,,0.000031
G36541,0.009032,0.009473,,0.017737,0.000046,0.011524,,0.00001
G36542,0.006421,0.0221,,0.012927,0.000377,0.018887,,0.000019
G36543,0.019182,0.101007,,0.015404,,0.024963,,
G36544,0.00705,0.080576,,0.010385,,0.017642,,
G36545,0.005135,0.104292,,0.005231,,0.005836,,0.000033
G36546,0.00627,0.021366,0.000611,0.012278,,0.001475,,0.001754
G36547,0.018868,0.017242,0.000038,0.014076,0.000076,0.008474,,
G36548,0.007046,0.038493,0.000255,0.014332,,0.006123,,
G36549,0.008997,0.019926,,0.036609,,0.005553,,
G36550,0.009342,0.056721,,0.008999,,0.01253,,0.000027
G36551,0.013552,0.075341,0.000099,0.020451,,0.020058,,
G36552,0.009907,0.068028,0.000003,0.003858,,0.013561,,
G36553,0.009152,0.021325,0.000006,0.009908,,0.008575,,
G36554,0.022913,0.037224,0.003479,0.005253,,0.009282,,0.00003
G36555,0.003886,0.043174,0.000362,0.012221,0.000121,0.001807,,0.038644
G36556,0.001037,0.037626,,0.009017,0.000036,0.001027,0.000484,0.029811
G36557,0.010503,0.069521,,0.010637,,0.049027,,
G36558,0.021355,0.079581,,0.005522,0.000232,0.114975,,
G36748,0.015793,0.00176,0.000552,0.013134,,0.001425,,0.001987
G36750,0.012528,0.001415,0.000011,0.014451,,0.000097,,0.010088
G36751,0.007773,0.014955,0.00053,0.011318,0.000024,0.002513,,0.000019
G36752,0.000569,0.047848,,0.011054,0.000008,0.00283,,0.00003
G36753,0.000375,0.033483,0.0001,0.01286,0.000337,0.004141,,
G36755,0.009807,0.022859,0.006715,0.009652,0.000012,0.002662,,0.000031
G36756,0.014336,0.02162,0.000009,0.011716,0.000395,0.003125,,0.000018
G36757,0.011345,0.026237,0.000011,0.013859,0.000463,0.00297,,
G36759,0.003486,0.014952,0.000017,0.01181,,0.002465,,0.000014
G36760,0.001249,0.036287,,0.010742,,0.0011,,0.000178
G36761,0.000734,0.031843,0.000016,0.013391,0.000024,0.004581,,0.000207
G36762,0.000766,0.015108,0.000039,0.010466,0.000013,0.009668,,0.000022
G36763,0.00139,0.025138,0.000011,0.011332,0.000115,0.00533,,0.000011
G36764,0.00198,0.018986,,0.01077,0.000008,0.007356,,0.000019
G36765,0.000733,0.045697,0.000222,0.010536,,0.000475,,0.00023
G36766,0.003785,0.02146,0.000006,0.011729,,0.004806,,0.000148
G36769,0.005449,0.030171,0.000014,0.007984,,0.005699,,0.011517
G36771,0.001465,0.025414,0.00004,0.010278,,0.00462,,0.005833
G36772,0.009184,0.038125,,0.005364,0.00007,0.030352,,
G36773,0.001008,0.028984,,0.009782,0.000009,0.004638,,0.000045
G36776,0.034292,0.060873,,0.0045,,0.013064,,
G36777,0.041861,0.02051,0.002078,0.006933,0.000214,0.00464,,
G36778,0.061552,0.033616,,0.003623,0.000045,0.011814,,
G36779,0.008733,0.006019,0.000029,0.012475,0.000046,0.007822,0.000011,0.0008
G36780,0.009917,0.003645,0.000053,0.016091,,0.000912,,0.056547
G36783,0.013392,0.00144,,0.018905,,0.006465,,0.000019
G36784,0.001348,0.043055,,0.009519,0.000056,0.004956,,0.000056
G36785,0.00048,0.025997,0.000047,0.011291,0.000165,0.009111,,0.000071
G36786,0.016099,0.003683,0.000091,0.017294,0.000636,0.013255,,0.00003
G36787,0.018681,0.0004,0.656919,0.004369,0.00032,0.009108,,
G36788,0.012417,0.036999,,0.009547,0.000134,0.011764,,0.00005
G36789,0.012448,0.030561,,0.007894,0.00019,0.005581,,0.000048
G36791,0.090493,0.012886,0.000744,0.002011,,0.009918,,
G36795,0.020962,0.049964,0.000759,0.000885,,0.008627,,0.000061
G36796,0.038321,0.003391,0.000283,0.008014,,0.042663,,0.001281
G36797,0.000411,0.026256,0.000009,0.009933,0.000009,0.001424,,0.105613
G36798,0.000889,0.011953,,0.012699,,0.000816,0.000935,0.066287
G36799,0.012006,0.030901,,0.010722,0.000079,0.00706,,0.000048
G36803,0.013705,0.010994,0.000095,0.010431,0.000043,0.005237,,0.000597
G36807,0.012825,0.012232,0.000151,0.013703,0.000181,0.015727,,0.000045
G36808,0.013554,0.010793,0.000124,0.010654,0.0002,0.00473,,0.000029
G36809,0.032472,0.003149,,0.003753,0.004167,0.052484,,0.002851
G36810,0.055702,0.018289,,0.001256,,0.020684,,0.000026
G36811,0.003639,0.040112,,0.007513,,0.003836,,0.000027
G36813,0.011781,0.031565,,0.008926,0.000022,0.003159,,0.000011
G36814,0.064185,0.00184,,0.002238,,0.041068,,
G36815,0.056404,0.002333,0.002429,0.00489,0.001247,0.009368,,0.000066
G36816,0.008275,0.030426,,0.012712,,0.004337,,0.00011
G36818,0.048159,0.013349,,0.001489,0.000243,0.037153,,0.000022
G36819,0.008681,0.026092,0.000234,0.012265,0.000364,0.007006,,
G36820,0.007448,0.018395,,0.012101,0.000082,0.007797,,0.007781
G36822,0.059055,0.00219,,0.001607,0.001773,0.068266,,0.000025
G36823,0.011992,0.016278,,0.01408,0.000015,0.008991,,0.000046
G36824,0.008043,0.030099,0.000082,0.011112,0.000245,0.004036,,0.000327
G36826,0.002038,0.017922,0.000007,0.009747,,0.007793,0.000808,0.00952
G36827,0.038144,0.013431,0.00007,0.006551,0.00108,0.041515,,
G36829,0.004163,0.010468,0.000019,0.014241,0.000075,0.018847,,0.000075
G36830,0.024846,0.023514,,0.008093,0.000047,0.006905,,
G36831,0.015339,0.007476,0.001068,0.020782,0.000337,0.019236,,
G36834,0.002828,0.02281,0.000009,0.008718,0.000037,0.013872,,0.000018
G36835,0.002012,0.052792,,0.004675,,0.00564,,0.000063
G36837,0.005379,0.022553,0.000015,0.012078,,0.004749,,0.000046
G36838,0.027803,0.000166,0.000218,0.011857,0.000267,0.018256,,
G36839,0.007102,0.013514,0.000139,0.013952,,0.006769,,0.000444
G36840,0.001451,0.025394,0.000007,0.009869,,0.002702,,0.038337
G36843,0.006763,0.016134,0.000008,0.008822,0.000008,0.008971,,0.002322
G36844,0.000359,0.023719,0.003241,0.010865,,0.003454,,0.003177
G36845,0.015165,0.021031,0.000007,0.006901,0.000467,0.012804,,0.000029
G36846,0.006743,0.023733,0.000039,0.011139,,0.005829,,0.000366
G36847,0.003709,0.040412,0.000274,0.007322,0.000012,0.005598,,
G36848,0.000032,0.045218,,0.009366,0.000007,0.004857,,0.000021
G36849,0.000031,0.03417,,0.011277,0.000097,0.00779,,0.00003
G36850,0.011659,0.045447,,0.002036,,0.033422,,0.000052
G36851,0.000509,0.027562,0.000758,0.0071,,0.003625,0.000004,0.008525
G36854,0.003165,0.027657,0.013959,0.009812,,0.002163,,0.084817
G36855,0.001507,0.024701,0.000021,0.010543,0.000007,0.003624,,0.026339
G36856,0.002346,0.018647,0.005603,0.010594,0.000018,0.002044,,0.038118
G36857,0.00404,0.011734,0.001434,0.01121,,0.000531,,0.072985
G36858,0.003022,0.020337,0.000055,0.009931,,0.001365,,0.016093
G36859,0.004301,0.016021,0.00018,0.013349,,0.001602,,0.000213
G36860,0.006084,0.008211,0.000086,0.014189,0.000426,0.000758,,0.000036
G36861,0.004665,0.029875,0.002421,0.009494,0.000039,0.002265,,0.000039
G36862,0.01016,0.010789,0.000025,0.011087,0.000068,0.001244,,0.000031
G36863,0.008748,0.011963,,0.012873,0.000092,0.001029,,0.000119
G36864,0.005461,0.011321,0.000004,0.013951,0.000061,0.000916,,0.040797
G36865,0.003732,0.020126,0.000004,0.009545,0.000096,0.001742,,0.038453
G36866,0.003819,0.033406,,0.011799,0.000019,0.002553,,0.000019
G36867,0.003226,0.023301,,0.01449,0.000026,0.003214,,0.000026
G36868,0.007667,0.017802,0.000007,0.012949,0.00036,0.003917,,0.002043
G36870,0.007623,0.023935,,0.012132,0.00011,0.005845,,0.002848
G36871,0.002257,0.039029,0.000846,0.007649,0.000021,0.002974,,0.000825
G36872,0.023937,0.030572,,0.008971,0.000019,0.008579,,0.000506
G36873,0.004488,0.025823,0.000072,0.016125,,0.008426,,0.000072
G36874,0.027709,0.016824,0.000016,0.001083,,0.035633,,0.000095
G36875,0.00852,0.018011,0.000004,0.009515,0.000022,0.008785,,0.016502
G36877,0.000664,0.02758,0.000017,0.008085,,0.000731,0.000048,0.000624
G36878,0.000546,0.019112,0.00003,0.012242,,0.001788,,0.002081
G36879,0.004596,0.041073,0.00001,0.004837,,0.009361,,0.000038
G36880,0.001249,0.033935,0.00001,0.005935,0.00002,0.002159,,0.084002
G36881,0.00057,0.037247,0.000009,0.007427,,0.002706,,0.06641
G36882,0.008506,0.020552,0.000285,0.009533,,0.006603,,0.000044
G36883,0.000752,0.04624,0.000036,0.011222,,0.001857,,
G36884,0.002504,0.016949,0.000099,0.010605,0.000055,0.00089,,0.127254
G36885,0.017976,0.030731,,0.008248,,0.008144,,0.000029
G36886,0.008325,0.025453,0.000008,0.009988,0.000175,0.003011,,0.0001
G36887,0.005577,0.010278,0.000015,0.014209,0.000015,0.003679,,0.008662
G36888,0.000629,0.023868,0.000011,0.012265,0.000045,0.001764,,0.012634
G36889,0.007927,0.053679,,0.002355,,0.007651,,0.000022
G36890,0.000882,0.033588,0.000055,0.00693,,0.000889,0.00006,0.021326
G36891,0.002634,0.030893,0.000078,0.007821,0.000008,0.001335,0.000062,0.024885
G36892,0.001123,0.02841,0.000076,0.007033,0.000052,0.000798,0.00079,0.038526
G36893,0.00131,0.022504,0.000028,0.010227,,0.001099,0.000166,0.070726
G36894,0.004828,0.030161,,0.008722,,0.002582,,0.116294
G36895,0.001797,0.039057,0.0019,0.014408,,0.002887,,0.001083
G36896,0.002176,0.024742,,0.011078,0.000024,0.001958,,0.078571
G36897,0.000704,0.03474,0.000006,0.006373,0.000034,0.00286,,0.005517
G36898,0.004633,0.062633,,0.005366,,0.000702,,0.000035
G36899,0.002853,0.021087,0.000434,0.009846,0.000006,0.000736,0.000019,0.077613
G36900,0.001268,0.025676,0.000592,0.00634,0.000006,0.000558,0.000395,0.119834
G36902,0.006615,0.025504,,0.009683,0.000032,0.015242,,0.023595
G36904,0.002421,0.02145,0.000114,0.008733,,0.00376,,0.020664
G36905,0.001468,0.06026,,0.005599,,0.008995,,0.002533
G36906,0.007294,0.033378,0.000029,0.00843,0.000146,0.011407,,
G36910,0.028032,0.065216,,0.013203,,0.017865,,
G36911,0.019397,0.019787,0.000078,0.015138,,0.00708,,
G36917,0.008036,0.029098,0.000088,0.00765,0.000013,0.008709,,0.001706
G36918,0.00634,0.029845,0.000081,0.013263,,0.013463,,0.00043
G36921,0.000674,0.030082,0.000079,0.010839,,0.007429,,0.001283
G36923,0.013877,0.027697,,0.011058,,0.004426,,
G36925,0.004518,0.016289,,0.010906,,0.003496,,0.000045
G36927,0.003495,0.02559,0.087449,0.011622,0.000049,0.004823,,0.048884
G36928,0.001411,0.02381,0.000029,0.007783,0.000007,0.007747,,0.000288
G36930,0.002809,0.028281,,0.013419,,0.012234,,0.005205
G36932,0.000951,0.033644,0.000173,0.013906,,0.008582,,
G36933,0.010875,0.020677,,0.009246,,0.008126,,0.048336
G36935,0.002948,0.017611,,0.011768,,0.018221,,0.011541
G36936,0.004341,0.081393,0.004133,0.010787,0.000212,0.005405,,
G36937,0.001411,0.033764,0.000008,0.009048,0.000122,0.003138,,0.000016
G36938,0.004745,0.035524,,0.009237,0.000054,0.00628,,
G36940,0.049133,0.004314,,0.005679,0.000174,0.022312,,0.000044
G36944,0.002843,0.020298,0.000061,0.02697,0.000365,0.001581,,
G36948,0.001876,0.039226,,0.013844,,0.011467,,
G36951,0.007181,0.026692,0.000393,0.009105,0.000472,0.006392,,0.028185
G36952,0.004746,0.024788,0.000042,0.011545,0.001472,0.007554,,0.020629
G36953,0.002667,0.02527,0.000127,0.016274,0.016765,0.009035,,0.000223
G36957,0.058721,0.000196,,0.015394,,0.051403,,
G36958,0.000087,0.014881,,0.030552,,0.026025,,
G36959,0.035822,0.004984,,0.011928,0.000088,0.018453,,
G36960,0.00858,0.023395,,0.009674,0.000092,0.008434,,0.000018
G36964,0.009637,0.053738,0.000025,0.007229,0.000229,0.015155,,
G36966,0.021519,0.020747,0.221894,0.014921,0.000341,0.031645,,0.042244
G36968,0.015261,0.018205,0.00007,0.019723,0.000035,0.008146,,0.000035
G36972,0.009303,0.029214,0.001504,0.009781,,0.004577,,0.001418
G36973,0.007031,0.035757,0.002033,0.00869,,0.005088,,0.001769
G36974,0.003498,0.051338,,0.00725,,0.002105,,
G36982,0.000258,0.039955,0.000011,0.011053,,0.000164,,0.000284
G36984,0.000323,0.044501,,0.007606,,0.003672,,0.000013
G36987,0.014612,0.054998,,0.025495,,0.1157,,
G36988,0.035916,0.034895,,0.017498,,0.103991,,
G36991,0.004573,0.021846,0.000018,0.012948,,0.016677,,
G36992,0.010892,0.022703,0.000018,0.011017,,0.013739,,0.000108
G36993,0.080576,0.001904,,0.004714,,0.093988,,
G36998,0.014451,0.055969,,0.017724,,0.015874,,
G37004,0.01903,0.0441,0.00019,0.006623,,0.011902,,
G37005,0.016235,0.112489,,0.01153,,0.008291,,
G37009,0.005925,0.097604,0.002587,0.015078,,0.013668,,
G37010,0.006089,0.045996,0.000019,0.009364,0.000251,0.009497,,
G37011,0.048728,0.012576,0.000384,0.015015,,0.086776,,0.000064
G37012,0.040503,0.006839,,0.023024,,0.057719,,
G37013,0.002371,0.012957,0.000852,0.014007,,0.005933,,0.117413
G37014,0.004398,0.021123,0.000032,0.011895,0.0006,0.030021,,
G37015,0.005054,0.029951,,0.010442,,0.006111,,0.086337
G37016,0.010692,0.023873,,0.009684,0.000012,0.004889,,0.052757
G37017,0.003355,0.024753,,0.014176,0.00033,0.000864,,
G37018,0.013689,0.062209,,0.002682,,0.040331,,
G37019,0.001703,0.02655,,0.011171,0.00001,0.00072,,0.035253
G37020,0.002025,0.023608,0.003432,0.008987,,0.001154,0.000236,0.080206
G37021,0.025367,0.000045,0.000104,0.015937,0.000042,0.013178,,
G37022,0.022555,0.00369,,0.022281,,0.011416,,
G37023,0.006868,0.032739,,0.011408,0.000098,0.003512,,0.028268
G37024,0.002969,0.027602,0.000168,0.024089,,0.000943,,0.00095
G37025,0.005427,0.020678,,0.013246,0.000031,0.00754,,0.002873
G37026,0.048366,0.005143,,0.008535,0.000129,0.022997,,0.000515
G37027,0.023205,0.009419,,0.021494,,0.004889,,
G37028,0.02037,0.000223,0.000036,0.016537,0.000073,0.029011,,0.000036
G37029,0.003021,0.038966,0.000897,0.019044,,0.00385,,0.000974
G37030,0.000598,0.022073,0.001633,0.007918,,0.001266,,0.218716
G37031,0.036862,0.000145,,0.014661,,0.035576,,
G37032,0.005549,0.021866,,0.010233,0.000065,0.004027,,0.000016
G37033,0.028129,0.000135,0.000022,0.012993,0.000089,0.023887,,0.000089
G37034,0.002028,0.021868,0.000014,0.013877,0.000055,0.002136,,0.000547
G37035,0.030158,0.000122,0.000697,0.014711,0.000052,0.011387,,
G37036,0.022424,0.06547,,0.008938,,0.007489,,
G37037,0.00574,0.027673,0.000009,0.010008,0.000298,0.009211,,0.000081
G37038,0.001658,0.000123,0.004035,0.021024,0.000947,0.015563,,
G37039,0.000365,0.036352,0.006377,0.006349,,0.002597,,0.152918
G37040,0.000627,0.030222,,0.01,,0.001032,,0.000274
G37041,0.023537,0.000609,0.00004,0.012131,0.00004,0.056519,,0.000241
G37042,0.048147,0.001267,,0.015557,,0.105387,,0.000148
G37043,0.018505,0.000166,,0.021835,0.000051,0.070887,,
G37044,0.038099,0.021649,,0.004724,,0.03499,,0.000098
G37045,0.01069,0.03319,,0.013408,0.000074,0.02195,,
G37046,0.053916,0.000282,0.008121,0.013953,,0.011184,,0.000049
G37047,0.006568,0.033442,,0.011176,0.000013,0.010703,,0.000924
G37048,0.002782,0.030974,,0.008811,0.000086,0.001586,,
G37049,0.009527,0.008101,0.000131,0.017599,0.000112,0.014935,,
G37050,0.042263,0.019508,,0.013602,,0.086316,,
G37051,0.044955,0.000117,,0.009841,0.00003,0.006062,,0.000015
G37052,0.003107,0.024069,0.000043,0.008913,0.000015,0.002453,0.000008,0.001526
G37053,0.029491,0.003667,0.000018,0.007498,,0.016501,,0.001004
G37054,0.005053,0.022202,0.000031,0.009519,0.000091,0.001063,,
