"","Dim1","Dim2","type"
"G35348",-0.299461659280865,-0.307473542712454,"samples"
"G35349",-0.209641236642841,0.0975219954126728,"samples"
"G35350",-0.215394877907488,-0.138014350521643,"samples"
"G35351",0.193465341481184,-0.0155154870649247,"samples"
"G35352",-0.173422973110105,0.113217842048504,"samples"
"G35354",-0.467753254305865,0.196932573756758,"samples"
"G35355",-0.316650929632392,-0.0752625449412128,"samples"
"G35356",-0.418510960395875,0.33440985346182,"samples"
"G35359",0.190310639873568,0.254372040240543,"samples"
"G35361",0.17013246689905,0.247916739697804,"samples"
"G35364",0.112563970732878,0.191524243232789,"samples"
"G35365",-0.116253160590508,-0.109032274499607,"samples"
"G35366",0.0116311662171991,0.240761178698312,"samples"
"G35368",-0.246824814760825,0.329191060294808,"samples"
"G35370",-0.420724786744286,0.307543534534667,"samples"
"G35372",-0.441719407765469,0.376668278360874,"samples"
"G35373",-0.435835085711741,0.369716431177628,"samples"
"G35374",-0.448403735043026,0.366987551381816,"samples"
"G35381",0.188329991517746,-0.177255454623575,"samples"
"G35386",0.20231259154696,-0.0389190656908344,"samples"
"G35387",0.215714737833533,-0.00776674433534486,"samples"
"G35388",-0.30226974797747,0.33940400333713,"samples"
"G35390",-0.433035185121716,0.338072951765128,"samples"
"G35391",0.165030539239532,0.0344462149590861,"samples"
"G35392",0.0384839720695789,-0.118833362625167,"samples"
"G35394",0.230720535885624,-0.0256597483980659,"samples"
"G35395",0.231257652834344,0.0135143684680096,"samples"
"G35397",0.319662227524986,0.183336388817553,"samples"
"G35398",0.271174253437384,0.102407396004962,"samples"
"G35403",0.204017704174262,0.162000961712092,"samples"
"G35404",-0.412945263109424,-0.136414422713906,"samples"
"G35406",0.259031181995116,-0.0497774363582406,"samples"
"G35407",0.111700246724988,-0.284539766477355,"samples"
"G35409",0.261356188927762,0.220437853441989,"samples"
"G35412",0.205921937323536,0.124150596623644,"samples"
"G35414",-0.255325274120692,-0.140964802820459,"samples"
"G35416",-0.239644216045973,-0.0376692005501346,"samples"
"G35417",-0.279273272269281,-0.0612763623500904,"samples"
"G35418",0.223140432527759,0.175092225237533,"samples"
"G35419",0.202746796286681,0.0427539947790419,"samples"
"G35421",0.265464188443271,0.0947001013710476,"samples"
"G35422",0.21404116092155,0.0966331212933742,"samples"
"G35423",0.0427749992936948,-0.0766147639625941,"samples"
"G35424",-0.059436658054344,-0.0833509921597627,"samples"
"G35433",-0.313142479666518,-0.050272943759058,"samples"
"G35437",0.143747260325911,0.192242341146339,"samples"
"G35441",0.0959534181963873,0.231276160502061,"samples"
"G35442",0.0735368392084692,-0.14635848628428,"samples"
"G35443",-0.119261234086034,-0.197607596340836,"samples"
"G35444",-0.266300623428197,0.0916595975062217,"samples"
"G35445",-0.17226925006832,0.229852854062086,"samples"
"G35447",-0.241183652199248,-0.000831769792319196,"samples"
"G35448",-0.147350423541069,0.130992402479504,"samples"
"G35449",-0.158087678109455,-0.269784288275086,"samples"
"G35453",0.288442601570362,-0.046482791758328,"samples"
"G35455",0.271456592715408,0.0429250889380264,"samples"
"G35458",0.240842172837755,-0.106131844487061,"samples"
"G35462",0.275272501210116,0.150189063738162,"samples"
"G35463",0.168657981805815,0.184470350068911,"samples"
"G35464",-0.396299988508545,-0.0358392705096444,"samples"
"G35465",0.145342835684113,-0.106095392913485,"samples"
"G35467",0.142971581142849,-0.263132978567658,"samples"
"G35469",0.238248794428248,-0.0881550287384355,"samples"
"G35470",0.0983319878331175,-0.15476240945692,"samples"
"G35473",0.166657289211188,-0.146195486179782,"samples"
"G35475",0.229920533194245,0.205273722713299,"samples"
"G35476",0.149636892733085,-0.156434492224291,"samples"
"G35477",0.211806361975438,0.04188926014074,"samples"
"G35480",-0.358234033650219,-0.0958455199279834,"samples"
"G35481",-0.371611973557786,0.323652203513915,"samples"
"G35484",0.18469015443415,-0.207092927420663,"samples"
"G35486",0.0145578353963073,-0.0655282362242289,"samples"
"G35487",0.101405813854681,0.120713368215932,"samples"
"G35490",-0.218149643075251,0.306429182793669,"samples"
"G35495",-0.465252062593827,0.291002462154459,"samples"
"G35497",-0.433293817393306,-0.1730628164503,"samples"
"G35498",-0.406276254695692,-0.240616614746565,"samples"
"G35504",0.0501350215721345,-0.241260183176267,"samples"
"G35505",-0.00134916206502884,-0.169176640691073,"samples"
"G35510",-0.317214839244383,-0.344457615421777,"samples"
"G35511",-0.162802249260045,-0.215850980683013,"samples"
"G35512",0.256324811392624,-0.0810610175633881,"samples"
"G35513",0.177312065930532,-0.156611470018915,"samples"
"G35514",0.252621436658034,0.0316024683124256,"samples"
"G35515",-0.203905390624187,-0.273775750142981,"samples"
"G35516",-0.36064801865177,0.13128906269547,"samples"
"G35517",0.0732449843429753,-0.146999941076053,"samples"
"G35518",0.0943927087758337,-0.15715384344968,"samples"
"G35519",0.141360010305628,-0.119209083138278,"samples"
"G35520",0.144504356446889,-0.117503784570372,"samples"
"G35521",-0.182116844113123,-0.155029561000936,"samples"
"G35522",-0.0780259248399602,-0.136413363684494,"samples"
"G35523",-0.366311663741774,-0.242407469686265,"samples"
"G35524",-0.17924998039463,-0.215293665608823,"samples"
"G35525",-0.408039738199172,0.178013791567468,"samples"
"G35526",-0.480131121714791,0.325338767824403,"samples"
"G35527",-0.369635550748791,0.254500318881157,"samples"
"G35528",0.0284053755181883,-0.160846043678282,"samples"
"G35529",0.0327098784757163,-0.138451035833566,"samples"
"G35530",0.0013878783727219,-0.193560596356751,"samples"
"G35531",0.000298917188078341,-0.140633245133493,"samples"
"G35532",0.0183774282935282,-0.0911498477455146,"samples"
"G35533",-0.00302231289633057,-0.127138658070606,"samples"
"G35534",0.0339863606326122,0.00620861396462616,"samples"
"G35535",0.191721736130047,-0.0344503849054897,"samples"
"G35536",0.223488618067978,0.0292846186303646,"samples"
"G35537",0.189989151215264,-0.0884015205339873,"samples"
"G35867",-0.0137280289616251,-0.15380802009817,"samples"
"G35868",-0.455189025966728,-0.184830571042342,"samples"
"G35869",-0.297533789252325,0.307217047609194,"samples"
"G35874",-0.358036791153213,0.329000618144728,"samples"
"G35876",0.0828742862184054,0.0587865070668745,"samples"
"G35878",0.0106773625384891,-0.0170885693179656,"samples"
"G35881",-0.00249040094205996,-0.222322705217491,"samples"
"G35891",-0.129041118831082,0.184404446259378,"samples"
"G35892",0.229103395508373,-0.128019698876487,"samples"
"G35894",0.282859840829858,0.174770763182564,"samples"
"G35898",0.0628402280085375,-0.100908728180477,"samples"
"G35900",0.170094183933101,-0.239524694927778,"samples"
"G35901",-0.105071600029133,0.0365098924391484,"samples"
"G35902",-0.372701322836173,0.164050278548498,"samples"
"G35906",0.230495709813096,-0.161544550268081,"samples"
"G35908",0.323262323683098,0.110118936662288,"samples"
"G35915",-0.0218874768994164,-0.149849521122947,"samples"
"G35923",-0.0384710803436024,-0.125361047129267,"samples"
"G35924",0.120781052534103,0.137330954513457,"samples"
"G35925",0.171428778880151,-0.0905938463343008,"samples"
"G35926",0.154354523064066,-0.143820376316921,"samples"
"G35928",-0.350007180750075,-0.290350171899403,"samples"
"G35932",0.234762839400177,0.136523847179596,"samples"
"G35933",0.154133888743431,-0.0791438411769255,"samples"
"G35934",0.213783104289255,0.0444706450530261,"samples"
"G35936",0.183469344315247,-0.0554065172095928,"samples"
"G35937",-0.293787384748141,0.14471125587533,"samples"
"G35938",0.183002737428573,0.227100342035051,"samples"
"G35939",0.114933521947606,-0.193295060516834,"samples"
"G35940",0.177899019896434,-0.0568565138775616,"samples"
"G35941",0.140662898204418,-0.232947162749473,"samples"
"G35942",0.238457363394642,0.0661106667376302,"samples"
"G35944",0.137136970672177,0.03177300252946,"samples"
"G35945",0.26906602896941,0.0392914705633822,"samples"
"G35946",0.0710531529091999,-0.159908378703111,"samples"
"G35947",0.0129717400589584,-0.225363580468603,"samples"
"G35948",0.147363259896117,-0.173553326963254,"samples"
"G35950",-0.306015784043647,-0.0841824000690866,"samples"
"G35951",0.0899928287740155,-0.178124701510546,"samples"
"G35952",0.112105851755261,-0.250587262857097,"samples"
"G35953",0.110951582856884,-0.258772111731062,"samples"
"G35954",0.101386732312538,-0.223598508824439,"samples"
"G35955",0.155602178377487,-0.157064471829062,"samples"
"G35956",-0.449459903915413,-0.208781407151859,"samples"
"G35957",-0.4230616555874,-0.246214915424693,"samples"
"G35958",-0.422675957580879,-0.262751720410904,"samples"
"G35959",-0.467536904934143,-0.0220291772826555,"samples"
"G35960",0.0744667449867584,0.234775695164263,"samples"
"G35961",0.153845320721062,0.0696423790429755,"samples"
"G35962",0.166333148010549,0.00223627657655618,"samples"
"G35963",0.0681763147544888,-0.154438900930719,"samples"
"G35965",0.124556074987491,-0.230138047051382,"samples"
"G35966",0.156231619221947,-0.11702024620529,"samples"
"G35967",0.120801856028524,-0.20084500530792,"samples"
"G35969",-0.332808692227948,0.139053642971716,"samples"
"G35970",-0.384991573963711,-0.0164701309976501,"samples"
"G35971",-0.375691698596198,-0.310799310963689,"samples"
"G35972",-0.395260029723199,0.249810293353173,"samples"
"G35973",-0.372891291365222,-0.0726159339572455,"samples"
"G35974",0.0455026476637858,0.106621629658986,"samples"
"G35975",-0.0694922755324261,0.167799583584701,"samples"
"G35976",0.137049493581846,0.211547064629965,"samples"
"G35977",0.105179855932547,0.237977182332803,"samples"
"G35978",-0.308974067037149,0.270950441694482,"samples"
"G35979",-0.216647515200813,0.284249501194181,"samples"
"G35980",-0.0253986278482798,0.215986577891601,"samples"
"G35981",0.0310600251055487,0.224296372622532,"samples"
"G35982",0.00662795670524648,0.221293517594222,"samples"
"G35983",0.0591068305891549,0.159956648953678,"samples"
"G35984",0.308033823087663,0.0794299090750335,"samples"
"G35985",-0.113520495931939,-0.0858070505476138,"samples"
"G35986",-0.323481014057341,-0.0115012954548484,"samples"
"G35987",-0.153151751013651,0.0764488320040803,"samples"
"G35988",-0.433914643465911,0.255021576087407,"samples"
"G35989",-0.423126765675549,0.0576604148152241,"samples"
"G35990",-0.374178197511702,0.219733114535343,"samples"
"G35991",-0.0980786117040456,0.258828097262682,"samples"
"G35992",-0.0562033226850122,0.0397439963466762,"samples"
"G35993",-0.127988741312501,0.0907920913800902,"samples"
"G35994",-0.293491234471876,0.185102250050444,"samples"
"G35995",-0.487419085592423,-0.125404837866149,"samples"
"G35996",0.275857566205142,0.104182881625059,"samples"
"G35997",0.295855729968773,0.251194178787654,"samples"
"G35998",0.181848302246431,0.145186965313337,"samples"
"G35999",0.143595384738925,0.125565151118806,"samples"
"G36000",0.270160736295854,0.155954414640392,"samples"
"G36001",0.18701117183469,0.257815939812181,"samples"
"G36002",0.0541925524364701,0.243410816535734,"samples"
"G36003",0.280280293403151,0.217605494539069,"samples"
"G36004",-0.0417079767299256,-0.25729094933106,"samples"
"G36005",-0.15845602181173,-0.263009958386709,"samples"
"G36006",-0.302909476458524,-0.240231573594247,"samples"
"G36007",-0.407005946029911,0.1319872719849,"samples"
"G36008",0.235031640941733,-0.0317460373826981,"samples"
"G36010",0.255092572710367,0.0257974877808518,"samples"
"G36011",0.178719719156492,-0.115883783718873,"samples"
"G36012",0.201269960379335,-0.0576896269525638,"samples"
"G36013",0.145615474349046,-0.000832945027314916,"samples"
"G36015",0.188485673261773,-0.0635453285103728,"samples"
"G36016",0.224801520368217,0.0768168959812073,"samples"
"G36017",0.217135235414736,-0.0601067662715847,"samples"
"G36018",0.205343427645587,-0.0786268181287865,"samples"
"G36019",0.232910232108008,0.0426092367333078,"samples"
"G36020",-0.286902654295277,-0.0480089300730776,"samples"
"G36021",-0.337837011873189,-0.250492672126397,"samples"
"G36022",0.231407264258437,6.10475354621114e-05,"samples"
"G36023",0.316119259726949,0.0814361982395761,"samples"
"G36024",0.101610302674369,0.0329601362171815,"samples"
"G36025",-0.249317466979881,-0.340373015569666,"samples"
"G36026",-0.0336155778319526,-0.174958634363258,"samples"
"G36028",-0.285123778949189,0.0611911681114997,"samples"
"G36029",-0.260308568214964,-0.161098000265981,"samples"
"G36030",0.0681974299340784,-0.0587151284857793,"samples"
"G36031",-0.392230772165006,0.329235966264487,"samples"
"G36032",0.194098611997295,0.138171281152255,"samples"
"G36033",0.226122038972677,0.147325097619731,"samples"
"G36034",-0.319721735132807,-0.185188442001682,"samples"
"G36035",-0.342465595375474,0.142529068440546,"samples"
"G36036",-0.123734113861117,-0.0248835886070777,"samples"
"G36037",0.042311731758409,0.0293828737783107,"samples"
"G36038",-0.249182509445481,-0.0945770651872339,"samples"
"G36039",-0.461629737675718,-0.26147162242624,"samples"
"G36040",-0.399611665311655,-0.32663700228417,"samples"
"G36041",-0.42113682963888,-0.218927271497495,"samples"
"G36042",-0.472725413077674,-0.0569800635508157,"samples"
"G36043",0.208025177837483,-0.073715894066562,"samples"
"G36044",0.203501920822526,-0.124493122875898,"samples"
"G36045",0.247090846750821,-0.0382979960079732,"samples"
"G36046",0.284775580354332,0.194776471947848,"samples"
"G36047",-0.0509521040248482,0.0719226249560218,"samples"
"G36048",0.14310529533994,0.25467435458104,"samples"
"G36049",-0.0710561567855537,0.19447418786711,"samples"
"G36050",0.1205077270065,0.219876711884541,"samples"
"G36051",0.158266445531849,0.234350999396763,"samples"
"G36052",0.264463642680745,0.231953235404264,"samples"
"G36053",-0.0247130067910975,0.305138957822057,"samples"
"G36054",0.187000161489255,0.242942350845666,"samples"
"G36133",0.112294294118379,0.272442757558883,"samples"
"G36134",-0.0525680275123158,0.283022504572356,"samples"
"G36135",-0.237629665883169,0.341815419681144,"samples"
"G36136",-0.000486256028072267,0.270213782635534,"samples"
"G36137",-0.283250181408714,0.320441782346235,"samples"
"G36138",0.239641546306642,-0.0847018079976494,"samples"
"G36139",0.00676038122691432,-0.267169655397201,"samples"
"G36140",0.050093915870651,-0.192795829438584,"samples"
"G36141",0.265427423985718,0.159000820895407,"samples"
"G36142",-0.000954560839071901,0.239109807887999,"samples"
"G36143",-0.100729982555798,0.250654037203815,"samples"
"G36144",-0.242726127484072,-0.146253946290586,"samples"
"G36145",-0.249716468394373,-0.191534500052188,"samples"
"G36146",-0.355111217900675,-0.125105410590111,"samples"
"G36147",-0.514649490529075,0.312637040944079,"samples"
"G36148",-0.356057217032561,0.310263781460377,"samples"
"G36149",0.176006393946683,-0.190820249175284,"samples"
"G36150",0.0660261508120761,-0.175532490394498,"samples"
"G36151",0.0814185707498233,-0.192775017953386,"samples"
"G36152",0.03349085569154,-0.202536062797369,"samples"
"G36153",0.183751372945976,-0.0774314622226789,"samples"
"G36154",0.204055587559765,-0.151595102992936,"samples"
"G36155",0.155314759432938,-0.204652546213432,"samples"
"G36156",0.0453137993292417,-0.296844709885486,"samples"
"G36157",0.197609903778623,-0.177459174185126,"samples"
"G36158",-0.352466843674498,-0.250892035391436,"samples"
"G36159",-0.249055635642862,-0.296747106794152,"samples"
"G36160",0.148805665002487,0.14930054057428,"samples"
"G36161",-0.19647200484223,0.0705609876691463,"samples"
"G36162",0.161309725351092,0.00692000448156834,"samples"
"G36163",-0.037181952864818,-0.157405592632357,"samples"
"G36164",0.204601550483221,0.176861384028073,"samples"
"G36165",0.00566418780590641,-0.102763735409172,"samples"
"G36166",0.0813873065099864,-0.2687985574341,"samples"
"G36167",0.0744216090839071,-0.236232726042335,"samples"
"G36168",0.0574855918381092,-0.223972159657322,"samples"
"G36169",0.149444970003129,-0.126408103910632,"samples"
"G36170",-0.120585124759936,-0.200587707766384,"samples"
"G36171",0.0435969901769406,-0.258797252669686,"samples"
"G36172",-0.144171693677141,0.0635712821950827,"samples"
"G36173",-0.362361260719094,-0.187353240456707,"samples"
"G36174",0.0811585761423308,-0.299773603269501,"samples"
"G36175",0.21176592411933,-0.170099303740801,"samples"
"G36176",0.142315488275445,-0.24046390027517,"samples"
"G36177",0.104595960017165,-0.13950919804769,"samples"
"G36179",0.0483693726508028,-0.306999788863392,"samples"
"G36180",-0.22269274319627,-0.236398237833652,"samples"
"G36181",0.209426945533243,-0.162880825530488,"samples"
"G36182",0.0473333295386489,-0.331536190533879,"samples"
"G36183",0.209335904801503,-0.142716874640935,"samples"
"G36184",0.129456975456642,-0.276105115673251,"samples"
"G36185",-0.458064425704196,-0.134703229812657,"samples"
"G36186",-0.478642806396082,-0.0925537645848565,"samples"
"G36187",-0.421822654561183,-0.116028304899764,"samples"
"G36188",0.0732686507696419,0.239872943872297,"samples"
"G36189",-0.398230241645104,-0.0496661815639694,"samples"
"G36190",-0.416324438949002,-0.0537628108444315,"samples"
"G36191",-0.1393913084148,0.353531233870896,"samples"
"G36192",0.00939070078811082,0.309888850275804,"samples"
"G36193",0.0815893193909442,0.148498848338292,"samples"
"G36194",0.223769646700293,0.2841542435038,"samples"
"G36195",0.177254454525751,0.320533242892527,"samples"
"G36196",0.162512723817166,0.16779427248013,"samples"
"G36197",-0.239617697419597,-0.0172023646433952,"samples"
"G36198",-0.504334692107018,0.299270677064888,"samples"
"G36199",0.325255432159767,0.150225598727097,"samples"
"G36200",0.269302866386711,0.136943449019061,"samples"
"G36201",0.296031778546521,0.0678092446649428,"samples"
"G36202",0.196892386922749,0.164661847823003,"samples"
"G36203",0.21304339439834,0.123307144078153,"samples"
"G36204",0.251595709035025,0.164443931349674,"samples"
"G36205",0.262350752704341,0.205428204863527,"samples"
"G36206",0.277273936864961,0.108680732784001,"samples"
"G36207",0.158504548217553,0.0976168964558919,"samples"
"G36208",0.171782791624045,0.164456399710765,"samples"
"G36209",-0.0599985629428132,0.211024496494468,"samples"
"G36210",-0.332862117022903,0.218108887639343,"samples"
"G36211",0.0295157671716162,-0.198250996737062,"samples"
"G36212",-0.165311649493849,0.145660088702268,"samples"
"G36213",-0.336673061595461,-0.150337994629315,"samples"
"G36214",-0.165571595225613,0.0195837846423405,"samples"
"G36215",-0.385720881352869,-0.328592261166904,"samples"
"G36216",0.195278917457053,-0.0438347122706287,"samples"
"G36217",0.0774877335838526,-0.209501975325168,"samples"
"G36219",-0.350408564251357,-0.243735305734294,"samples"
"G36220",0.111299058716341,-0.231759932012153,"samples"
"G36221",0.230025932749457,0.117643255584347,"samples"
"G36222",0.101955784505673,-0.141226441012882,"samples"
"G36223",0.222915908779308,-0.00519553373571073,"samples"
"G36224",0.162570203688492,-0.21786582866094,"samples"
"G36225",0.201607642067449,-0.16056364561343,"samples"
"G36226",-0.311391394196187,-0.013357691051473,"samples"
"G36227",-0.281623076548882,-0.284916253940988,"samples"
"G36228",-0.354490101490773,-0.245177869930903,"samples"
"G36229",-0.294095343690799,-0.342573565546774,"samples"
"G36230",-0.444034617579829,-0.159015011413993,"samples"
"G36231",-0.385139110230937,-0.238243842606281,"samples"
"G36232",-0.0641004712771148,0.0688320536899542,"samples"
"G36233",0.310830661682659,0.210487058127543,"samples"
"G36234",0.320947048261618,0.171789289454673,"samples"
"G36235",0.28934591635536,0.187566410456067,"samples"
"G36236",0.205829532128383,0.165251127865798,"samples"
"G36237",-0.337667134161379,-0.179692883285426,"samples"
"G36238",-0.253175552945515,0.0996636698967108,"samples"
"G36239",0.103865815036582,0.264552270944116,"samples"
"G36240",0.308235395486508,0.209140786421808,"samples"
"G36241",0.197069715335122,-0.0255786254596846,"samples"
"G36242",0.332455885439836,0.190545373542765,"samples"
"G36243",0.303889966582015,0.147543215705176,"samples"
"G36244",0.324710446716166,0.182194868934032,"samples"
"G36245",0.0955535007008408,-0.048377801402724,"samples"
"G36246",0.149581860803332,-0.00189269500633558,"samples"
"G36247",0.0490418400636868,-0.123104778024966,"samples"
"G36248",0.116595284344895,-0.135816953312811,"samples"
"G36249",0.10829458901651,-0.105052742632906,"samples"
"G36250",0.26627943093847,-0.0496833859972795,"samples"
"G36251",0.19051899738012,-0.140058032661282,"samples"
"G36252",0.191207601977222,-0.0569055067237422,"samples"
"G36253",0.215913822896626,0.0278019880055628,"samples"
"G36254",0.309444934663872,0.122939336933506,"samples"
"G36255",0.229089987820113,-0.065521964891353,"samples"
"G36256",0.157109520112986,-0.08401753421352,"samples"
"G36257",0.21359359126354,-0.0874567039792521,"samples"
"G36258",0.147362211585211,0.191923503540319,"samples"
"G36259",0.0302921310100424,0.0981952748899014,"samples"
"G36260",-0.111469313608683,-0.058763116532348,"samples"
"G36261",0.172658856766463,-0.0425406654545295,"samples"
"G36262",0.0879412746000366,0.177938540003511,"samples"
"G36263",0.181490273696527,0.0203288426940574,"samples"
"G36264",0.17089382691579,-0.115884258104485,"samples"
"G36265",0.115048315446044,0.0778684482159693,"samples"
"G36266",0.236013759816579,0.0692475843346755,"samples"
"G36267",0.158923867186553,-0.0449550038276335,"samples"
"G36268",0.189243591045491,0.12098282544181,"samples"
"G36269",-0.417581778321778,-0.153735828693851,"samples"
"G36270",0.238886986197897,-0.0853944228802078,"samples"
"G36271",0.286201253049735,0.217553098851665,"samples"
"G36272",0.353313962747315,0.161258761337811,"samples"
"G36273",0.33328630045943,0.140777770621941,"samples"
"G36274",0.300501576721314,0.198082480456484,"samples"
"G36275",0.162599153543504,-0.039077351053291,"samples"
"G36276",0.274005065323001,0.22464655501411,"samples"
"G36277",0.115878467701266,0.252005352336941,"samples"
"G36279",0.283937161563458,0.205972325073697,"samples"
"G36280",0.328134990744357,0.0889103336986169,"samples"
"G36281",0.222001445358492,-0.070567449305302,"samples"
"G36282",0.247980442418942,0.209875275602797,"samples"
"G36283",-0.136953185798755,0.220365747197553,"samples"
"G36284",-0.376031861607154,-0.213345428918365,"samples"
"G36285",0.18465312449982,-0.113424164093639,"samples"
"G36286",0.27853892747653,0.21795368230959,"samples"
"G36287",0.268036098477563,0.176787463424851,"samples"
"G36288",0.330565248767271,0.21188874932819,"samples"
"G36289",0.317882224416893,0.15628103285483,"samples"
"G36290",0.208146155507528,-0.0340593207937916,"samples"
"G36291",0.271914912475702,0.202023483796362,"samples"
"G36292",0.215134875978801,0.165736831193884,"samples"
"G36293",-0.0305439780530251,-0.154812521981326,"samples"
"G36294",-0.107964657481602,0.0673166491434288,"samples"
"G36295",-0.278449007661117,-0.0116780330201326,"samples"
"G36296",0.160563513917435,-0.196015632203108,"samples"
"G36297",0.231700675548468,-0.00675900176852567,"samples"
"G36298",0.235344712667609,0.0460620026638088,"samples"
"G36299",0.211477383228842,-0.115180892974947,"samples"
"G36300",0.251904493555612,0.0870942330252807,"samples"
"G36301",0.209058659195507,-0.0797427383982253,"samples"
"G36302",-0.408091688032075,0.185681607662576,"samples"
"G36303",-0.414706091327698,0.248272476012843,"samples"
"G36304",0.162316526911326,-0.222854685442566,"samples"
"G36305",0.0188858567358453,-0.0996414634745203,"samples"
"G36306",0.0312492863354639,0.0922091822992124,"samples"
"G36307",-0.209565304553476,-0.128133413231515,"samples"
"G36308",0.148844313451914,-0.122687529112022,"samples"
"G36309",0.123672447218915,-0.212077152002519,"samples"
"G36310",0.132771761697279,-0.178016702772504,"samples"
"G36311",0.200569519294872,-0.135437128735468,"samples"
"G36312",0.278195261700183,0.0593517299876897,"samples"
"G36313",0.262152336673271,-0.00290536197908119,"samples"
"G36314",-0.256399708404081,0.244904545853603,"samples"
"G36315",-0.307871810202991,0.2500860112489,"samples"
"G36316",0.281342535669287,-0.00628182090392191,"samples"
"G36317",0.221791135198873,0.175908950159256,"samples"
"G36318",0.228196038339777,0.175279471170479,"samples"
"G36319",-0.292500684271894,0.00201650519056919,"samples"
"G36320",-0.287202191022027,-0.0361667770241232,"samples"
"G36321",0.14991893660125,-0.0642962634957835,"samples"
"G36322",0.209975344746616,-0.0131986233982017,"samples"
"G36406",-0.360822658688064,-0.28562975156523,"samples"
"G36408",-0.405896766664004,0.315421791979596,"samples"
"G36413",-0.409680276272804,0.320358721195414,"samples"
"G36417",0.0788031790320029,-0.0211797435408675,"samples"
"G36419",-0.401501253430548,0.045737922722432,"samples"
"G36420",-0.353622538091547,-0.20437856794344,"samples"
"G36421",-0.0811357390628666,0.226286420817403,"samples"
"G36422",-0.317124872523454,-0.241053771846542,"samples"
"G36423",-0.404874556984451,0.255847454310477,"samples"
"G36424",-0.319749417273949,-0.117208272800847,"samples"
"G36429",0.0508306760213049,-0.111587203641065,"samples"
"G36430",-0.233309549438795,-0.0418863136163091,"samples"
"G36431",-0.281341610441325,-0.0608474792690538,"samples"
"G36432",-0.258725243017156,-0.172085202772545,"samples"
"G36433",-0.256360913899375,-0.0537087163644848,"samples"
"G36434",-0.267293344846055,-0.296616769089872,"samples"
"G36435",-0.341429863188154,-0.15249946898465,"samples"
"G36436",0.208297111335071,-0.121847562586811,"samples"
"G36437",0.157365313576639,-0.195527355467046,"samples"
"G36438",0.231266554656087,-0.049246085706681,"samples"
"G36439",-0.296440820962461,-0.0541649154741046,"samples"
"G36440",0.175825780226928,-0.195939665164957,"samples"
"G36441",-0.353738457974732,0.0876508134309159,"samples"
"G36442",0.197119147646041,-0.0516291535965854,"samples"
"G36443",0.0644436334348499,0.0950655923280931,"samples"
"G36444",-0.360509192965331,-0.076272601321211,"samples"
"G36445",0.208582648585139,-0.00573904871296692,"samples"
"G36446",0.172883930395043,-0.0859800921253735,"samples"
"G36448",0.202248138523532,-0.0669481003214477,"samples"
"G36449",-0.326142692101011,-0.249568217799935,"samples"
"G36450",-0.348059831910641,0.0196455545942244,"samples"
"G36451",-0.0988026629695222,-0.189589230575265,"samples"
"G36452",-0.241948738784698,-0.0962500257409114,"samples"
"G36453",-0.00629350166795035,-0.20920857916257,"samples"
"G36454",-0.178406982685213,-0.100174668070561,"samples"
"G36455",0.161659884178849,-0.153826522488607,"samples"
"G36456",0.222420080687656,-0.0969151578777045,"samples"
"G36457",0.227050738424557,-0.158500694815679,"samples"
"G36458",0.163232658126273,-0.178977790530201,"samples"
"G36459",-0.169310076476682,-0.293053006919471,"samples"
"G36460",0.170225907733837,-0.134502963053401,"samples"
"G36461",0.139227015293791,-0.150790679412516,"samples"
"G36462",0.296469486517178,0.0299768579846441,"samples"
"G36463",0.26936823164333,-0.0748349382366177,"samples"
"G36464",0.149621293025862,-0.169830512000754,"samples"
"G36465",-0.28538113163797,-0.183507341202205,"samples"
"G36466",0.211955926882864,-0.0764934714647446,"samples"
"G36467",0.0901392199926517,-0.223960377696667,"samples"
"G36468",0.234201088040279,-0.109096658063683,"samples"
"G36470",0.0775791278584186,-0.113595866668629,"samples"
"G36471",-0.367838431719777,-0.147860369425589,"samples"
"G36472",0.116059113968736,-0.259755738431643,"samples"
"G36473",0.133595535316478,-0.230123253175248,"samples"
"G36474",0.272766199818992,-0.0667425248603422,"samples"
"G36475",-0.0280337154633408,0.0353026399419725,"samples"
"G36476",-0.00188568362764185,-0.0936566706235476,"samples"
"G36477",0.135041083786085,0.135542156411154,"samples"
"G36478",0.248591366195808,0.204948338615186,"samples"
"G36479",0.204619932186171,0.219713092708952,"samples"
"G36480",0.245748075480598,0.079402535554443,"samples"
"G36481",-0.39217888616821,0.245270743591645,"samples"
"G36482",0.0848947841771203,0.00243756683916831,"samples"
"G36484",-0.0242490442052855,0.284900671493323,"samples"
"G36485",-0.0206960197346562,0.220996144486959,"samples"
"G36486",-0.298293239586936,0.286069402910038,"samples"
"G36487",-0.23543679647997,0.261914031475337,"samples"
"G36488",-0.235272139436347,0.27577640068016,"samples"
"G36489",0.284037083946864,0.10437418050291,"samples"
"G36490",0.216706282197876,0.21400763786676,"samples"
"G36491",0.0567021939896584,0.253753374772474,"samples"
"G36492",0.274376783782542,0.199843345308692,"samples"
"G36493",0.263842867936099,0.196512754424611,"samples"
"G36494",0.16031647061957,0.208590476778097,"samples"
"G36495",0.231856686870415,0.217386235624998,"samples"
"G36496",0.271151210229727,0.200160660218089,"samples"
"G36497",0.157465381205808,0.254616684859391,"samples"
"G36498",0.336413891120921,0.069599891263936,"samples"
"G36499",0.287693258446375,0.100066661715042,"samples"
"G36500",0.306524242809961,0.0964864137096821,"samples"
"G36501",0.322268572311047,0.128838818507713,"samples"
"G36502",0.31237348450203,0.127385805299856,"samples"
"G36503",0.296888634122255,0.160255721811832,"samples"
"G36505",0.330336097713976,0.147671166154118,"samples"
"G36506",0.32233731456503,0.134711199683676,"samples"
"G36507",-0.199810642751416,-0.182997417456893,"samples"
"G36508",-0.181731201643564,-0.278970855440566,"samples"
"G36509",-0.323569921524722,-0.277853953241931,"samples"
"G36510",-0.32858586992037,-0.318619083252484,"samples"
"G36511",-0.336399607510564,-0.367101719791641,"samples"
"G36512",-0.382990197889824,-0.250184988089246,"samples"
"G36513",-0.365027848057619,-0.18980383421913,"samples"
"G36514",-0.38775595768438,-0.286635986203897,"samples"
"G36515",0.356795364186396,0.181694530638679,"samples"
"G36516",0.0425435581514881,-0.199586019397529,"samples"
"G36517",-0.000323579814275691,-0.213040968092567,"samples"
"G36518",-0.104765162095704,-0.183896540530825,"samples"
"G36519",-0.199381060220395,-0.31463343172208,"samples"
"G36520",-0.183731403642047,-0.147774855403999,"samples"
"G36521",-0.21006221987743,-0.203885625758704,"samples"
"G36522",-0.393229420624962,-0.231557223670481,"samples"
"G36523",-0.395101641610656,-0.224296125316963,"samples"
"G36524",0.200497154919178,0.0765797565207832,"samples"
"G36525",-0.0255858791465916,0.0899315985399645,"samples"
"G36526",0.089424884757122,0.185291252051363,"samples"
"G36527",0.107794450885037,0.0245805691357735,"samples"
"G36528",0.17376506853231,0.16318756401327,"samples"
"G36529",0.115434837918369,0.098806317643367,"samples"
"G36530",0.0931696173709246,-0.16933039319914,"samples"
"G36531",-0.272001740959949,-0.161239438731985,"samples"
"G36532",-0.0119790316824744,0.0703049186923723,"samples"
"G36533",-0.112005283747622,0.258375707615104,"samples"
"G36534",0.0338783560313679,0.122181502007386,"samples"
"G36535",0.020426692515918,0.191423469548697,"samples"
"G36536",0.0881708369518177,0.150733015177196,"samples"
"G36537",0.107897220282667,0.120357288141006,"samples"
"G36538",0.0394064921998984,0.144162140459714,"samples"
"G36540",-0.0485635688077535,0.210233678413326,"samples"
"G36541",-0.125422589856867,0.197643278238029,"samples"
"G36542",0.0258447323586607,0.038516309196698,"samples"
"G36543",-0.246530896177396,-0.106651999028193,"samples"
"G36544",-0.333679217397114,-0.216734435757416,"samples"
"G36545",-0.146090513590491,-0.00859341463386704,"samples"
"G36546",0.254269630181167,-0.0429486022774691,"samples"
"G36547",0.185090059094455,0.0394414088680133,"samples"
"G36548",0.0399721029343854,-0.0877774255501604,"samples"
"G36549",0.134738682392228,0.140345322810695,"samples"
"G36550",-0.237736404486434,-0.164026515896328,"samples"
"G36551",-0.392886218820534,-0.0841284300653013,"samples"
"G36552",-0.224496401035514,0.0667332346470902,"samples"
"G36553",0.192860812419516,-0.061592927409353,"samples"
"G36554",-0.183054082976571,-0.131842714942005,"samples"
"G36555",0.0972234283141967,-0.14208130650292,"samples"
"G36556",0.292675510348615,0.101918444161286,"samples"
"G36557",-0.168617667878382,-0.0990835670335309,"samples"
"G36558",-0.27088321618364,0.0187765526934939,"samples"
"G36748",0.277099684268208,0.203066823795227,"samples"
"G36750",0.25673125909638,0.215289559620517,"samples"
"G36751",0.258370953393405,-0.00315237623162908,"samples"
"G36752",-0.100649097520491,-0.229756187588859,"samples"
"G36753",-0.0442803426593663,-0.158916222284097,"samples"
"G36755",0.200182133188224,-0.105706223795168,"samples"
"G36756",-0.0132990302372208,-0.0835447935585582,"samples"
"G36757",-0.0245762780172389,-0.107681725995823,"samples"
"G36759",0.277498758204366,0.00140829597165253,"samples"
"G36760",-0.0970164123400709,-0.249937543281353,"samples"
"G36761",-0.0865397625240578,-0.213784570944064,"samples"
"G36762",0.285919536727139,0.00232748809450432,"samples"
"G36763",0.230905471551987,-0.109764763873074,"samples"
"G36764",0.262024471882552,-0.0377118231285428,"samples"
"G36765",0.0695632262164472,-0.295410185640444,"samples"
"G36766",0.0204487095345377,-0.133030345319372,"samples"
"G36769",0.223587010570173,-0.120213090766554,"samples"
"G36771",0.256414935249918,-0.0798022437737272,"samples"
"G36772",-0.316035084561805,-0.207633224379145,"samples"
"G36773",0.247117072321263,-0.0345047265269046,"samples"
"G36776",-0.400373329319823,-0.193629779715427,"samples"
"G36777",-0.0940772677866259,-0.0675056644278658,"samples"
"G36778",-0.384419585366976,-0.0473225798345899,"samples"
"G36779",0.0367282234597507,0.20932207848117,"samples"
"G36780",0.0453020434614024,0.223049802727523,"samples"
"G36783",-0.0351788038146372,0.252355413629605,"samples"
"G36784",-0.0222165939079649,-0.241510797466526,"samples"
"G36785",-0.143334343225819,-0.0543823861024739,"samples"
"G36786",-0.234342797221817,0.3141061043203,"samples"
"G36787",-0.248615317249081,0.275497461815707,"samples"
"G36788",-0.167678015948902,0.0914133353297411,"samples"
"G36789",-0.21000738150829,0.167569392631147,"samples"
"G36791",-0.352625099712551,0.203028970925354,"samples"
"G36795",-0.338139089768313,-0.216306831825916,"samples"
"G36796",-0.335632911495908,0.257938355111792,"samples"
"G36797",0.151745166778248,-0.228308517325334,"samples"
"G36798",0.311781702627817,0.0758918727099915,"samples"
"G36799",0.0902516395449814,0.145214073302753,"samples"
"G36803",0.0800011916728059,0.118528555809998,"samples"
"G36807",-0.117430253136858,0.223086898027441,"samples"
"G36808",0.0437567931802157,0.157301643108253,"samples"
"G36809",-0.471929909046145,0.293870017541639,"samples"
"G36810",-0.409783554152831,0.121754359671085,"samples"
"G36811",-0.00282883410864085,-0.222352729206646,"samples"
"G36813",-0.0447083294096831,-0.0101831626376072,"samples"
"G36814",-0.490744980759909,0.340295471314286,"samples"
"G36815",-0.357042365552502,0.318917335587427,"samples"
"G36816",0.195644064924754,0.125696770075481,"samples"
"G36818",-0.375765111862859,0.0994198517489968,"samples"
"G36819",-0.0140802001750527,-0.0399094828323505,"samples"
"G36820",-0.00195886325519143,-0.0261185196998871,"samples"
"G36822",-0.470257456198495,0.302214994094183,"samples"
"G36823",0.0708131785919847,0.161764619806863,"samples"
"G36824",-0.157790821472608,-0.179001970006601,"samples"
"G36826",0.241731201599561,0.0519254738279576,"samples"
"G36827",-0.448576830487878,0.195783753316181,"samples"
"G36829",0.0887935713447137,0.090116951684782,"samples"
"G36830",-0.0846613017750427,-0.0988417843894273,"samples"
"G36831",0.00792128085500847,0.221979293086036,"samples"
"G36834",0.0615064739764813,-0.14137730357835,"samples"
"G36835",-0.0863103693539554,-0.304551046561466,"samples"
"G36837",0.159007059766704,-0.0504216497226707,"samples"
"G36838",-0.310925716173824,0.307486992912624,"samples"
"G36839",0.177560195871704,0.0878368482061747,"samples"
"G36840",0.216350261086143,-0.115275509008609,"samples"
"G36843",0.130172218105968,-0.0488749006244443,"samples"
"G36844",0.256418592366329,-0.118642424976371,"samples"
"G36845",-0.197999724992979,-0.149649571793495,"samples"
"G36846",-0.159231219674196,-0.153068119672568,"samples"
"G36847",0.0226771864700351,-0.262152378131101,"samples"
"G36848",0.0275077210192481,-0.327423720028114,"samples"
"G36849",0.0490690796075921,-0.251005717397078,"samples"
"G36850",-0.389282206329937,-0.264718622142905,"samples"
"G36851",0.166002636169279,-0.222545436304161,"samples"
"G36854",0.174316787989564,-0.166604664106261,"samples"
"G36855",0.216164496798492,-0.134240383096121,"samples"
"G36856",0.234994078919763,-0.108907430468285,"samples"
"G36857",0.241546440546559,-0.0211793315183278,"samples"
"G36858",0.209421393118258,-0.110974501418385,"samples"
"G36859",0.154789203833516,-0.0806055716772565,"samples"
"G36860",0.283679165284238,0.0811425565372322,"samples"
"G36861",0.130645079831279,-0.0924473104388043,"samples"
"G36862",0.244286797865935,0.0724326657937703,"samples"
"G36863",0.239823319341956,0.0657185563258822,"samples"
"G36864",0.228982248743263,0.0269133848988634,"samples"
"G36865",0.213016957853657,-0.0985204697464973,"samples"
"G36866",0.138798278101214,-0.171786714585248,"samples"
"G36867",0.113490056532623,-0.145024142998247,"samples"
"G36868",0.139356237849467,-0.0665327477835604,"samples"
"G36870",0.101811258912028,-0.101662825103219,"samples"
"G36871",0.0240624693217655,-0.271931242258705,"samples"
"G36872",0.0539281869226669,-0.109568605800794,"samples"
"G36873",0.124375345242715,-0.0498586426730554,"samples"
"G36874",-0.433320889775197,0.0396533232850585,"samples"
"G36875",0.231299136449103,-0.0504235775895778,"samples"
"G36877",0.241756342473743,0.22469812471827,"samples"
"G36878",0.111185971543584,-0.155456167869778,"samples"
"G36879",-0.344039316524642,-0.275829016873261,"samples"
"G36880",0.112218103970867,-0.0430207478706936,"samples"
"G36881",0.223963934765678,0.0672792091487983,"samples"
"G36882",0.130709943718582,-0.0922206763197638,"samples"
"G36883",0.262146110472953,0.100017717625525,"samples"
"G36884",0.265861585277152,0.0797951652144626,"samples"
"G36885",-0.208867220353414,-0.141424404041704,"samples"
"G36886",-0.115502828113121,-0.0841091823575145,"samples"
"G36887",0.293786703141927,0.0356811940955889,"samples"
"G36888",0.298080504240417,0.215377450116438,"samples"
"G36889",-0.315551490820737,-0.303188888282716,"samples"
"G36890",0.253431725720754,0.0133059884554891,"samples"
"G36891",0.274859263638953,0.0671458765376021,"samples"
"G36892",0.290736224529591,0.0912505311307212,"samples"
"G36893",0.314270717393835,0.1601083656795,"samples"
"G36894",0.132604178817952,-0.196145008354841,"samples"
"G36895",0.314725122419267,0.238794123508641,"samples"
"G36896",0.131515849442252,-0.184613441351468,"samples"
"G36897",0.219214974182956,0.144786609242442,"samples"
"G36898",-0.0746996034636719,-0.329874278406386,"samples"
"G36899",0.306976602682919,0.104737970697606,"samples"
"G36900",0.239219740190115,-0.00959482342740565,"samples"
"G36902",0.130896973301724,-0.11454208111047,"samples"
"G36904",0.25992179668955,-0.0301815974928868,"samples"
"G36905",0.0910230479325294,0.0471300736182368,"samples"
"G36906",0.0744656168111388,-0.126484565971606,"samples"
"G36910",-0.363907618726158,-0.121907144744641,"samples"
"G36911",0.0911315571880865,-0.0411881142824793,"samples"
"G36917",0.166683782918406,0.00441821227051162,"samples"
"G36918",0.171749269390464,-0.0234330902634292,"samples"
"G36921",0.221656651787304,-0.167856050036323,"samples"
"G36923",-0.115917868008877,0.239760573986211,"samples"
"G36925",0.253992043427428,-0.00264770614947472,"samples"
"G36927",0.235013467336493,-0.0192925620651744,"samples"
"G36928",0.184738290627284,-0.142476897899235,"samples"
"G36930",0.245749200170699,-0.0909715661646804,"samples"
"G36932",0.101073440592188,-0.161069089883558,"samples"
"G36933",0.176630309569911,-0.0518619852042405,"samples"
"G36935",0.13630155814076,-0.0500290619476403,"samples"
"G36936",0.0350396178726509,-0.252188470840286,"samples"
"G36937",0.0772898371310184,-0.228913495898893,"samples"
"G36938",0.0676772539368654,-0.201331284171982,"samples"
"G36940",-0.435461873071928,0.349222201431948,"samples"
"G36944",0.211251977279718,0.0741003708679048,"samples"
"G36948",0.135877858436367,-0.128254033116603,"samples"
"G36951",0.200012127588797,-0.157717405888904,"samples"
"G36952",0.181126386619091,-0.163736557669289,"samples"
"G36953",0.193626517484446,-0.117267197022938,"samples"
"G36957",-0.481034691812873,0.341748978475981,"samples"
"G36958",-0.409741903835374,0.164459154739772,"samples"
"G36959",-0.383236934026636,0.305257867031922,"samples"
"G36960",0.108438554148383,0.149821116883305,"samples"
"G36964",-0.29634993016043,-0.0240322933780349,"samples"
"G36966",-0.267378163337449,0.156025869245847,"samples"
"G36968",-0.350939595238346,0.186177048383226,"samples"
"G36972",0.197646753987051,0.144911181969745,"samples"
"G36973",0.171758895189024,0.18932104947925,"samples"
"G36974",0.137069330701706,0.03376739107481,"samples"
"G36982",0.0914659208465893,-0.296317448842797,"samples"
"G36984",0.0753058132399251,-0.243005498526332,"samples"
"G36987",-0.212184702787912,-0.150626910192072,"samples"
"G36988",-0.24033720855051,0.183442987595496,"samples"
"G36991",0.199778737691758,-0.0177553995247912,"samples"
"G36992",0.209889602605314,-0.0148150738972966,"samples"
"G36993",-0.482194965016016,0.341947822767135,"samples"
"G36998",-0.233991675500797,-0.0681118549990437,"samples"
"G37004",-0.258739495134341,-0.17311578311451,"samples"
"G37005",-0.222792024346194,-0.146493314271181,"samples"
"G37009",0.103030176501433,-0.149460851632815,"samples"
"G37010",0.0241355841053644,-0.225335997370214,"samples"
"G37011",-0.377549917692541,0.266767852911916,"samples"
"G37012",-0.183270547285233,0.227525047053111,"samples"
"G37013",0.32965849130383,0.143122097421133,"samples"
"G37014",-0.0380283277534081,0.0027866794943294,"samples"
"G37015",0.155726266227824,-0.134994216942522,"samples"
"G37016",0.123895700248636,-0.0161738031461483,"samples"
"G37017",0.141326311788219,0.0660579714771878,"samples"
"G37018",-0.345891106826272,-0.271397306222975,"samples"
"G37019",0.169404611055601,-0.0872142660698962,"samples"
"G37020",0.314038544665694,0.0894474533047334,"samples"
"G37021",-0.282990619061245,0.30716565218009,"samples"
"G37022",-0.261809538709281,0.307970030478452,"samples"
"G37023",0.0623942576124358,0.113136002972688,"samples"
"G37024",0.129047512180443,0.1033672717259,"samples"
"G37025",0.128945124182124,-0.0981686548736769,"samples"
"G37026",-0.33126009375411,0.302963699403637,"samples"
"G37027",-0.149484833320666,0.292252323302256,"samples"
"G37028",-0.44814142557268,0.307416928585944,"samples"
"G37029",0.136911583434661,-0.144247249573191,"samples"
"G37030",0.175109241433797,-0.180817599169464,"samples"
"G37031",-0.387643662728926,0.318520576317773,"samples"
"G37032",0.113351145039047,-0.126197456009495,"samples"
"G37033",-0.452527447038298,0.337693125110792,"samples"
"G37034",0.204900482966326,-0.00612299121572434,"samples"
"G37035",-0.338026819335198,0.307864732320242,"samples"
"G37036",-0.168554587714599,0.209925183428465,"samples"
"G37037",0.11078531634274,-0.118045964968729,"samples"
"G37038",-0.0348950097771389,0.25672550123741,"samples"
"G37039",0.0881539381231591,-0.29004037922544,"samples"
"G37040",0.17361436049656,-0.231508425876179,"samples"
"G37041",-0.355161451601671,0.281864184678092,"samples"
"G37042",-0.362888055725134,0.255798893511161,"samples"
"G37043",-0.462442177948072,0.30327660498505,"samples"
"G37044",-0.250257900263518,0.112683824551003,"samples"
"G37045",-0.00627754129036205,0.173882656219985,"samples"
"G37046",-0.24203691228621,0.313152758446948,"samples"
"G37047",0.126484848197833,-0.170050139571692,"samples"
"G37048",0.13381481462003,-0.224133725733996,"samples"
"G37049",0.017410220967022,0.156870427481486,"samples"
"G37050",-0.372878448359585,0.266697906157831,"samples"
"G37051",-0.15531148235867,0.289992179793468,"samples"
"G37052",0.126965313523114,-0.169238963523555,"samples"
"G37053",-0.358123638495675,0.29286103530685,"samples"
"G37054",0.216784110312012,-0.121418881448421,"samples"
"k_species_001",-0.234068284540914,0.0320721387838118,"species"
"k_species_002",-0.0668243371408459,0.0688354432205005,"species"
"k_species_003",-0.325369338767782,0.156985285504913,"species"
"k_species_004",-0.0405761957167999,0.0750839078292905,"species"
"k_species_005",-0.0102256974424207,0.0327737929008897,"species"
"k_species_006",-0.0228970694444376,-0.0886878575279588,"species"
"k_species_007",-0.108262247761889,0.00592851135581162,"species"
"k_species_008",0.0438916983545233,-0.0417614191953918,"species"
"k_species_009",0.148112992748392,0.0519397113982824,"species"
"k_species_010",-0.0481320771889901,-0.134145116575234,"species"
"k_species_011",0.0281843051749822,-0.0964605440872169,"species"
"k_species_012",-0.0682680452361174,-0.0721184187896343,"species"
"k_species_013",0.0443968429614023,-0.0522732404096918,"species"
"k_species_014",0.0390453646195983,0.0748104209783489,"species"
"k_species_015",0.155754690483052,0.164967614682153,"species"
"k_species_016",0.0715943016109899,0.0648796832972443,"species"
"k_species_017",0.201807212243311,-0.0351892189909468,"species"
"k_species_018",0.175329285503023,-0.142670835060899,"species"
"k_species_019",0.236626839308748,0.0274405840829545,"species"
"k_species_020",0.15232051210116,-0.0302391638682684,"species"
"k_species_021",0.228968001814001,0.0531111251396253,"species"
"k_species_022",0.144893087469536,-0.134078486743048,"species"
"k_species_023",0.188202944432493,-0.138874653838091,"species"
"k_species_024",-0.176577337111469,0.213322884082954,"species"
"k_species_025",-0.333155679300221,0.0830919789966129,"species"
"k_species_026",-0.0778706188351009,0.104179186349377,"species"
"k_species_027",-0.106098973404,0.134766244868853,"species"
"k_species_028",-0.27769306020175,0.115536954554848,"species"
"k_species_029",-0.315199058132548,0.18964268193386,"species"
"k_species_030",-0.202015681928533,0.139510351481878,"species"
"k_species_031",-0.273654560048274,0.0771141144064368,"species"
"k_species_032",-0.0650337502726517,0.136439652529852,"species"
"k_species_033",0.0911300581551578,0.0226828354051165,"species"
"k_species_034",-0.0938255200216616,0.118777867011339,"species"
"k_species_035",-0.232698119457459,0.0799018959075697,"species"
"k_species_036",0.125161386128611,0.0454417178447045,"species"
"k_species_037",0.0805317143989185,0.0626220779194869,"species"
"k_species_038",-0.0283492357421232,0.113391204653476,"species"
"k_species_039",0.0309368927320306,0.0767030101050166,"species"
"k_species_040",0.201757278211501,0.00287622173506045,"species"
"k_species_041",0.00160976538551763,0.0156899279318909,"species"
"k_species_042",0.125846281975018,0.0338702317264945,"species"
"k_species_043",0.230444505214455,-0.0118564843071334,"species"
"k_species_044",0.159367957377655,0.0186695062318794,"species"
"k_species_045",0.0792469563242955,0.0303378855612279,"species"
"k_species_046",0.0974098227736879,0.0264848032491865,"species"
"k_species_047",0.142005453822266,0.0128663136066091,"species"
"k_species_048",0.124616508532065,-0.00477013555985388,"species"
"k_species_049",-0.0261858817230991,0.0691259500055144,"species"
"k_species_050",0.105384683999139,0.0241087489173484,"species"
"k_species_051",0.0862502762991944,0.00944128545138256,"species"
"k_species_052",-0.156817146773929,-0.0640114552878814,"species"
"k_species_053",0.186524255220467,0.0331987348947799,"species"
"k_species_054",0.113955949045265,-0.0283364945523672,"species"
"k_species_055",0.176350812070679,-0.0221946477020205,"species"
"k_species_056",0.171003585762094,0.00751057221976831,"species"
"k_species_057",0.0719069104931165,0.144475313064092,"species"
"k_species_058",0.0921006253387366,-0.022073298602457,"species"
"k_species_059",0.168470544444586,-0.00693109621693362,"species"
"k_species_060",-0.223218771646575,0.0746073988306991,"species"
"k_species_061",-0.193955142526586,0.0972179130626228,"species"
"k_species_062",-0.237830304245355,0.0601957428455009,"species"
"k_species_063",0.138467709128322,0.0250275168687541,"species"
"k_species_064",0.171651999534766,0.116864437231491,"species"
"k_species_065",-0.00376485594993343,-0.000832777832666582,"species"
"k_species_066",0.0895904736586827,-0.102181430543365,"species"
"k_species_067",-0.116241563831823,0.149122882190402,"species"
"k_species_068",0.0406349904861948,-0.0628772977169317,"species"
"k_species_069",-0.263838405520104,-0.0288630822322975,"species"
"k_species_070",-0.317151478117393,0.0555624214587521,"species"
"k_species_071",-0.272923138448742,0.0162400583204181,"species"
"k_species_072",0.179575517549025,0.0107216010200386,"species"
"k_species_073",-0.0635874407060786,0.0346894156665979,"species"
"k_species_074",-0.189334183996537,0.010585172653902,"species"
"k_species_075",-0.276494551263223,0.168095667229137,"species"
"k_species_076",0.281849832224576,0.0761690639264391,"species"
"k_species_077",0.143308223715198,-0.0106835578422243,"species"
"k_species_078C",-0.381355254600906,-0.0421939191890264,"species"
"k_species_079C",-0.377489417309222,0.299571975763753,"species"
"k_species_080C",-0.280496249778622,-0.0533178792492095,"species"
"k_species_081C",0.100735687017602,0.0233191628592605,"species"
"k_species_082C",-0.235722926272288,0.213352323451205,"species"
"k_species_083C",-0.233367493906155,0.0941631065961045,"species"
"k_species_084C",0.0450650559939657,0.0649053383648033,"species"
"k_species_085C",-0.237905184417995,0.175145939885767,"species"
"k_species_086C",-0.222715983748849,0.0959824138427659,"species"
"k_species_087C",-0.196713259739017,0.0874065515717879,"species"
"k_species_088C",-0.0399955385221222,0.055973569427772,"species"
"k_species_089C",0.200029769531314,0.00835975552376449,"species"
"k_species_090C",-0.348116409192375,0.0987170515477291,"species"
"k_species_091C",-0.0382451537436893,0.0742871301212863,"species"
"k_species_092C",0.059331347235922,-0.011646751881354,"species"
"k_species_093C",0.107372548425426,0.0843464423835375,"species"
"k_species_094C",-0.0108019290696777,0.00450346930794242,"species"
"k_species_095C",0.143158498896011,-0.00317581705545264,"species"
"k_species_096C",0.0398665177240504,0.0804234822579092,"species"
"k_species_097C",-0.0336807487639748,0.0777911312892633,"species"
"k_species_098C",0.0753943296107041,-0.0882038706187246,"species"
"k_species_099C",0.126680656993381,0.101860491798429,"species"
"k_species_100C",0.0634881463072982,-0.131477006965783,"species"
"k_species_101C",0.20194097868856,-0.0567131600272962,"species"
"k_species_102C",0.158400296542143,-0.196809093961423,"species"
"k_species_103C",-0.175639036651952,0.115568043751988,"species"
"k_species_104C",0.204364671277054,0.0548493063221852,"species"
"k_species_105C",-0.241144905139214,0.0942594723451153,"species"
"k_species_106C",-0.368262330053936,0.213533390279085,"species"
"k_species_107C",0.184802816620618,0.0909740669225049,"species"
"k_species_108C",-0.308509079985768,0.196692184082914,"species"
"k_species_109C",-0.232842560935687,0.101573525170034,"species"
"k_species_110C",-0.238773106959225,0.0737583313080895,"species"
"k_species_111C",-0.215084965861638,0.261716995577564,"species"
"k_species_112C",-0.0527319000657637,0.212180220367918,"species"
"k_species_113C",-0.244004612842495,0.111391714831716,"species"
"k_species_114C",0.0440553856862126,0.0358102304225117,"species"
"k_species_115C",0.20302416050873,0.0815993270849454,"species"
"k_species_116C",0.0457856473151697,0.182836489127476,"species"
"k_species_117C",-0.336512450229456,0.144287144479023,"species"
"k_species_118C",-0.128930808713116,0.157309264973234,"species"
"k_species_119C",-0.0342245410613062,0.18167210545665,"species"
"k_species_120C",0.179463254457589,0.0142223743801808,"species"
"k_species_121C",0.0991596014794459,0.012010929487163,"species"
"k_species_122C",-0.132134900928064,0.120905055457534,"species"
"k_species_123C",0.152770624968997,-0.0718162579124997,"species"
"k_species_124C",-0.28307748934978,-0.0810390857704005,"species"
"k_species_125C",0.122008564347445,0.0402386047263528,"species"
"k_species_126C",0.223676862046007,0.0964071638799288,"species"
"k_species_127C",0.158046870590588,0.0435130927021892,"species"
"k_species_128C",-0.0322180440791867,0.160520054703358,"species"
"k_species_129C",0.182474268089058,0.134575723280626,"species"
"k_species_130C",0.217032275661474,0.0819345976646789,"species"
"k_species_131C",0.0942516316391192,0.0428669583879703,"species"
"k_species_132C",-0.130587060762054,0.159381351099828,"species"
"k_species_133C",0.203012667429652,0.0393796501254739,"species"
"k_species_134C",0.129157302012797,-0.0102392240478199,"species"
"k_species_135C",0.0149793276212623,-0.102395292433078,"species"
"k_species_136C",-0.380655639978131,-0.0621961748957828,"species"
"k_species_137C",0.140507362617322,0.0698630509238003,"species"
"k_species_138C",0.0968800710141435,-0.0202826031558011,"species"
"k_species_139C",0.19548793254579,0.0283627320926154,"species"
"k_species_140C",0.181378624829674,-0.0137837684764266,"species"
"k_species_141C",0.227565165908423,-0.00487747316687832,"species"
"k_species_142C",0.160390156830229,0.0894421725969225,"species"
"k_species_143C",0.149924615095951,0.0297879332228856,"species"
"k_species_144C",-0.172623067320958,0.208959474009259,"species"
"k_species_145C",0.242914340144598,0.00089894057244129,"species"
"k_species_146C",0.282995505134663,0.0501144419800528,"species"
"k_species_147C",0.155102029402803,-0.0661960612566974,"species"
"k_species_148C",0.0658570913564661,0.041664141646858,"species"
"k_species_149C",0.21032943391462,0.00472833382356294,"species"
"k_species_150C",0.0688464989909415,-0.0042444178824784,"species"
"k_species_151C",-0.276606298280406,-0.0434782855280242,"species"
"k_species_152C",-0.193232417653244,-0.000406229164594312,"species"
"k_species_153C",0.0720095720074986,0.109949061726833,"species"
"k_species_154C",-0.306902707089001,0.0570459272190377,"species"
"k_species_155C",-0.0324146192023672,0.0934123516563058,"species"
"k_species_156C",0.241955773929779,-0.0512070532851855,"species"
"k_species_157C",0.250768064596212,0.0472135969045231,"species"
"k_species_158C",0.20845127143974,-0.0125848839689078,"species"
"k_species_159C",0.0836284845798526,0.0525293022734468,"species"
"k_species_160C",0.317460661484924,0.160896993679598,"species"
"k_species_161C",0.120932272177888,0.173401135499129,"species"
"k_species_162C",0.116075488362795,-0.0147148601435977,"species"
"k_species_163C",0.168913296079745,0.0333301297003362,"species"
"k_species_164C",-0.104615614192026,0.113685176672619,"species"
"k_species_165C",0.139592536554234,0.0174511546611551,"species"
"k_species_166C",0.0571866487671164,0.00568859141650939,"species"
"k_species_167C",-0.00391990965375416,-0.028165329041584,"species"
"k_species_168C",-0.0551087278821248,0.160856660384083,"species"
"k_species_169C",-0.115960957586531,-0.107329017256325,"species"
"k_species_170C",-0.0225053331688367,0.0887359978067641,"species"
"k_species_171C",-0.118903745948721,-0.0334634976087913,"species"
"k_species_172C",0.187393892270933,2.74363842219778e-05,"species"
"k_species_173C",0.177744979533515,-0.0473631717594852,"species"
"k_species_174C",-0.224566996250036,0.00597546697737629,"species"
"k_species_175C",-0.38741662090628,-0.104251798773764,"species"
"k_species_176C",-0.271287853560525,-0.0701517778544875,"species"
"k_species_177C",-0.332233332285301,-0.0108475642942756,"species"
"k_species_178C",-0.0142814799613766,0.120300555323679,"species"
"k_species_179C",-0.0161211676910332,0.0929466789334075,"species"
"k_species_180C",-0.340573942696074,-0.133962330024643,"species"
"k_species_181C",-0.162609318951337,-0.187407307187402,"species"
"k_species_182C",-0.0290352419536388,0.148859589873857,"species"
"k_species_183C",-0.030261082348782,0.0201522385642343,"species"
"k_species_184C",0.229958977857554,0.102856755660579,"species"
"k_species_185C",-0.168532192521174,-0.0311399073151027,"species"
"k_species_186C",-0.180692765106427,-0.0674231554928082,"species"
"k_species_187C",0.0711338420081555,0.0785965179154329,"species"
"k_species_188C",0.22574873012007,-0.0295356027072404,"species"
